molecule_chembl_id,canonical_smiles,standard_value,bioactivity_class,MW,LogP,NumHDonors,NumHAcceptors,pIC50
CHEMBL25817,CCc1cc(Cc2cnc(N)nc2N)cc(CC)c1O,120.0,Active,272.352,2.0622000000000003,3,5,6.920818753952375
CHEMBL277176,CC(C)(C)c1cc(Cc2cnc(N)nc2N)cc(C(C)(C)C)c1O,61.0,Active,328.4600000000001,3.532400000000002,3,5,7.214670164989233
CHEMBL279455,CCCc1cc(Cc2cnc(N)nc2N)cc(CC)c1OC,44.0,Active,300.406,2.755300000000001,2,5,7.356547323513812
CHEMBL23338,C/C=C/c1cc(Cc2cnc(N)nc2N)cc(OC)c1OC,93.0,Active,300.362,2.2821,2,6,7.031517051446065
CHEMBL36083,CN(Cc1cnc2nc(N)nc(N)c2n1)c1ccc(C(=O)NC(CCCN)C(=O)O)cc1,2.5,Active,439.48000000000025,0.1425000000000014,5,10,8.602059991327963
CHEMBL22,COc1cc(Cc2cnc(N)nc2N)cc(OC)c1OC,450.0,Active,290.32300000000004,1.2575999999999998,2,7,6.346787486224656
CHEMBL34259,CN(Cc1cnc2nc(N)nc(N)c2n1)c1ccc(C(=O)N[C@@H](CCC(=O)O)C(=O)O)cc1,0.82,Active,454.4470000000002,0.2684000000000012,5,10,9.086186147616283
CHEMBL61708,Nc1nc(O)c2c(CNc3ccc(C(=O)N[C@@H](CCC(=O)O)C(=O)O)cc3)c[nH]c2n1,10000.0,Inactive,428.40500000000014,0.9055999999999989,7,8,5.0
CHEMBL282022,C=CCc1cc(Cc2cnc(N)nc2N)cc(OC)c1OC,110.0,Active,300.362,1.9775,2,6,6.958607314841775
CHEMBL225072,Nc1nc2[nH]cc(CCc3ccc(C(=O)N[C@@H](CCC(=O)O)C(=O)O)cc3)c2c(=O)[nH]1,2300.0,Intermediate,427.41700000000014,0.6664000000000003,6,6,5.638272163982407
CHEMBL34918,N#CCN(Cc1ccc2nc(N)nc(O)c2c1)c1ccc(C(=O)NC(CCC(=O)O)C(=O)O)cc1,460.0,Active,478.4650000000002,1.4955799999999997,5,9,6.337242168318426
CHEMBL23447,CCc1cc(Cc2cnc(N)nc2N)cc(C)c1OC,310.0,Active,272.35200000000003,2.11122,2,5,6.508638306165727
CHEMBL278345,CCCc1cc(Cc2cnc(N)nc2N)cc(OC)c1OC,67.0,Active,302.37800000000004,2.2015,2,6,7.173925197299173
CHEMBL83644,CN(Cc1cnc2nc(N)nc(N)c2n1)c1ccc(C(=O)NC(CC(F)(F)CN)C(=O)O)cc1,1.3,Active,475.4600000000002,0.3877000000000013,5,10,8.886056647693163
CHEMBL119,COc1cc(NCc2ccc3nc(N)nc(N)c3c2C)cc(OC)c1OC,90.0,Active,369.4250000000001,2.740520000000001,3,8,7.045757490560675
CHEMBL23609,CCOc1cc(Cc2cnc(N)nc2N)cc(OC)c1OC,170.0,Active,304.35,1.6477000000000002,2,7,6.769551078621726
CHEMBL422395,C#CCN(Cc1ccc2[nH]c(N)nc(=O)c2c1)c1ccc(C(=O)NC(CCC(=O)O)C(=O)O)cc1,300.0,Active,477.4770000000002,1.1929,5,7,6.522878745280337
CHEMBL440946,CC(C)c1cc(Cc2cnc(N)nc2N)cc(C(C)C)c1O,29.0,Active,300.406,3.184200000000001,3,5,7.5376020021010435
CHEMBL287553,COc1c(C)cc(Cc2cnc(N)nc2N)cc1C,370.0,Active,258.325,1.85724,2,5,6.431798275933005
CHEMBL24374,COc1c(C(C)(C)C)cc(Cc2cnc(N)nc2N)cc1C(C)(C)C,58.0,Active,342.4870000000001,3.8354000000000017,2,5,7.236572006437063
CHEMBL24503,C=CCc1cc(Cc2cnc(N)nc2N)cc(CCC)c1O,20.0,Active,298.39,2.6184000000000016,3,5,7.698970004336019
CHEMBL25888,CCCc1cc(Cc2cnc(N)nc2N)cc(CC)c1O,49.0,Active,286.379,2.4523000000000006,3,5,7.309803919971486
CHEMBL109260,Nc1cc(N)c2cc(CCc3ccc(C(=O)NC(CCC(=O)O)C(=O)O)cc3)ccc2c1,14.0,Active,435.4800000000002,2.8372,5,5,7.853871964321762
CHEMBL326200,COc1cc(-c2sc3nc(N)nc(N)c3c2C)cc(OC)c1OC,10000.0,Inactive,346.4120000000001,2.856920000000001,2,8,5.0
CHEMBL307137,Cc1nc(N)c2nc(CNc3ccc(C(=O)NC(CCC(=O)O)C(=O)O)cc3)cnc2n1,50000.0,Inactive,439.4320000000002,0.9703200000000006,5,9,4.301029995663981
CHEMBL288142,NCCCC(NC(=O)c1ccc(NCc2ccc3nc(N)nc(O)c3c2Cl)cc1)C(=O)O,430.0,Active,458.9060000000002,2.104999999999999,6,8,6.366531544420414
CHEMBL430797,Nc1ncnc2ncc(CNc3ccc(C(=O)NC(CCC(=O)O)C(=O)O)cc3)nc12,19000.0,Inactive,425.4050000000002,0.6618999999999998,5,9,4.721246399047171
CHEMBL104787,COc1ccc(OC)c(Cc2sc3nc(N)nc(N)c3c2C)c1,730.0,Active,330.41300000000007,2.772120000000001,2,7,6.136677139879544
CHEMBL289923,NCCCC(NC(=O)c1ccc(NCC2CNc3nc(N)nc(O)c3C2)cc1)C(=O)O,2000.0,Intermediate,429.4810000000002,0.3826000000000008,7,9,5.698970004336019
CHEMBL323960,COc1ccc(OC)c(-c2sc3nc(N)nc(N)c3c2C)c1,750.0,Active,316.3860000000001,2.84832,2,7,6.1249387366083
CHEMBL322585,COc1ccc(OC)c(CCc2sc3nc(N)nc(N)c3c2C)c1,10000.0,Inactive,344.44000000000005,2.966520000000001,2,7,5.0
CHEMBL322315,COc1cc(Cc2sc3nc(N)nc(N)c3c2C)cc(OC)c1OC,10000.0,Inactive,360.43900000000014,2.7807200000000005,2,8,5.0
CHEMBL322861,COc1cc(CCc2sc3nc(N)nc(N)c3c2C)cc(OC)c1OC,10000.0,Inactive,374.4660000000002,2.9751200000000013,2,8,5.0
CHEMBL65616,C=C(CC(NC(=O)c1ccc(N(C)Cc2cnc3nc(N)nc(N)c3n2)cc1)C(=O)O)C(=O)O,6.4,Active,466.4580000000002,0.4345000000000007,5,10,8.193820026016112
CHEMBL73267,Nc1nc(N)c2nc(CCc3ccc(C(=O)NC(C(=O)O)C(O)CC(=O)O)cc3)cnc2n1,5.9,Active,455.43100000000015,-0.6119999999999985,6,10,8.229147988357855
CHEMBL308279,C=C(CC(NC(=O)c1ccc(C(CC)Cc2cnc3nc(N)nc(N)c3n2)cc1)C(=O)O)C(=O)O,5.8,Active,479.4970000000002,1.5344000000000009,5,9,8.236572006437063
CHEMBL307820,CN(Cc1cnc2nc(N)nc(N)c2n1)c1ccc(C(=O)NC(C(=O)O)C(O)CC(=O)O)cc1,5.3,Active,470.4460000000002,-0.7607999999999979,6,11,8.275724130399212
CHEMBL307486,C=C(CC(NC(=O)c1ccc(CCc2cnc3nc(N)nc(N)c3n2)cc1)C(=O)O)C(=O)O,8.8,Active,451.44300000000015,0.5833000000000002,5,9,8.05551732784983
CHEMBL296373,CCC(Cc1cnc2nc(N)nc(N)c2n1)c1ccc(C(=O)N[C@@H](CCC(=O)O)C(=O)O)cc1,4.4,Active,467.4860000000003,1.3683,5,9,8.356547323513812
CHEMBL293263,Nc1nc(N)c2nc(CCc3ccc(C(=O)N[C@@H](CCC(=O)O)C(=O)O)cc3)cnc2n1,4.1,Active,439.4320000000002,0.4172000000000005,5,9,8.387216143280265
CHEMBL74422,CN(Cc1cnc2ncnc(N)c2n1)c1ccc(C(=O)NC(CCC(=O)O)C(=O)O)cc1,6000.0,Intermediate,439.4320000000002,0.6862000000000003,4,9,5.221848749616356
CHEMBL34823,COc1ccc(C#CCCC(=O)O)cc1Cc1cnc(N)nc1N,30000.0,Inactive,326.35600000000005,1.4567,3,6,4.522878745280337
CHEMBL376180,Nc1nc(N)c2nc(CNc3ccc(C(=O)N[C@@H](CCC(=O)O)C(=O)O)cc3)cnc2n1,25.0,Active,440.4200000000002,0.2440999999999998,6,10,7.602059991327962
CHEMBL58908,CCOc1cc(Cc2cnc(N)nc2N)cc2c1OCO2,140.0,Active,288.307,1.3592,2,7,6.853871964321762
CHEMBL38053,COc1cc(Cc2cnc3nc(N)nc(N)c3c2C)cc(OC)c1,1.5,Active,325.37200000000007,2.10562,2,7,8.823908740944319
CHEMBL291540,Cc1cc(Cc2cnc(N)nc2N)cc2c1OC(C)(C)C2,190.0,Active,284.363,2.2537200000000004,2,5,6.721246399047171
CHEMBL419087,Cc1nc(N)c2nc(CN(C)c3ccc(C(=O)NC(CCC(=O)O)C(=O)O)cc3)cnc2n1,20000.0,Inactive,453.4590000000002,0.9946200000000004,4,9,4.698970004336019
CHEMBL37520,COc1ccc(OCCCCC(=O)O)cc1Cc1cnc(N)nc1N,8000.0,Intermediate,346.38700000000006,1.8741,3,7,5.096910013008056
CHEMBL61356,CCCc1cc(Cc2cnc(N)nc2N)cc2c1OC(C)C2,66.0,Active,298.39000000000004,2.5077000000000007,2,5,7.180456064458132
CHEMBL301629,CCCc1cc(Cc2cnc(N)nc2N)cc2c1OC(C)(C)C2,46.0,Active,312.4170000000001,2.897800000000002,2,5,7.337242168318426
CHEMBL61857,CCCc1cc(Cc2cnc(N)nc2N)cc2c1OC(C)C2C,14.0,Active,312.41700000000003,3.068700000000001,2,5,7.853871964321762
CHEMBL58481,CCc1cc(Cc2cnc(N)nc2N)cc2c1OC(C)C2,110.0,Active,284.36300000000006,2.1176,2,5,6.958607314841775
CHEMBL122959,Cc1c2cnc3nc(N)nc(O)c3c2c(C)n1C,95000.0,Inactive,243.27,1.4211399999999996,2,6,4.022276394711152
CHEMBL331208,Nc1nc(O)c2c(ncc3cn(-c4ccc(C(=O)NC(CCC(=O)O)C(=O)O)cc4)cc32)n1,80000.0,Inactive,450.4110000000002,1.3042999999999991,5,9,4.096910013008056
CHEMBL123231,Nc1nc(O)c2c(n1)NCC1CN(c3ccc(C(=O)NC(CCC(=O)O)C(=O)O)cc3)CC21,40000.0,Inactive,456.4590000000002,0.4577000000000003,6,9,4.3979400086720375
CHEMBL146925,COc1ccc(CN2CCc3nc4nc(N)nc(N)c4cc3C2)cc1,27000.0,Inactive,336.3990000000001,1.756099999999999,2,7,4.568636235841013
CHEMBL439816,Nc1nc(N)c2cc3c(nc2n1)CCN(Cc1ccc(Cl)c(Cl)c1)C3,26000.0,Inactive,375.263,3.0543000000000013,2,6,4.585026652029182
CHEMBL421959,Nc1nc(N)c2cc3c(nc2n1)CCN(Cc1ccccc1)C3,32000.0,Inactive,306.373,1.7474999999999996,2,6,4.494850021680094
CHEMBL148599,Nc1nc(N)c2cc3c(nc2n1)CCN(C(=O)OCc1ccccc1)C3,30000.0,Inactive,350.38200000000006,1.8841,2,7,4.522878745280337
CHEMBL422316,Nc1nc(N)c2cc3c(nc2n1)CCN(Cc1ccc(C(=O)N[C@@H](CCC(=O)O)C(=O)O)cc1)C3,5400.0,Intermediate,479.4970000000002,0.7952999999999998,5,9,5.267606240177032
CHEMBL357973,COc1cc(CN2CCc3nc4nc(N)nc(N)c4cc3C2)cc(OC)c1,22000.0,Inactive,366.4250000000002,1.7646999999999995,2,8,4.657577319177793
CHEMBL149027,Nc1nc(N)c2cc3c(nc2n1)CCN(Cc1ccc(Cl)cc1Cl)C3,1300.0,Intermediate,375.263,3.0543000000000013,2,6,5.886056647693163
CHEMBL154935,CCc1[nH]c(N)nc2nc(C)c(CCc3ccc(C(=O)N[C@@H](CCC(=O)O)C(=O)O)cc3)c1-2,22000.0,Inactive,453.4990000000002,2.195520000000001,5,6,4.657577319177793
CHEMBL439973,Cc1nc(N)nc2[nH]cc(CCc3ccc(C(=O)N[C@@H](CCC(=O)O)C(=O)O)cc3)c12,1200.0,Intermediate,425.4450000000002,1.6815199999999997,5,6,5.920818753952375
CHEMBL157434,CCc1[nH]c(N)nc2ncc(CCc3ccc(C(=O)N[C@@H](CCC(=O)O)C(=O)O)cc3)c1-2,920.0,Active,439.4720000000002,1.8871,5,6,6.036212172654444
CHEMBL138870,Nc1nc(=O)c2cc(CSc3ccc(C(=O)NC(CCC(=O)O)C(=O)O)cc3)ccc2[nH]1,330.0,Active,456.4800000000002,1.8453999999999997,5,7,6.481486060122113
CHEMBL171790,O=C(O)CCC(NC(=O)c1ccc(SCc2ccc3ncnc(O)c3c2)cc1)C(=O)O,650.0,Active,441.46500000000015,2.6754999999999995,4,7,6.187086643357144
CHEMBL43288,NCCCC(NC(=O)c1ccc(SCc2ccc3ncnc(O)c3c2)cc1)C(=O)O,3800.0,Intermediate,426.49800000000016,2.5496,4,7,5.42021640338319
CHEMBL41161,NCCCC(NC(=O)c1ccc(SCc2ccc3nc(N)nc(O)c3c2)cc1)C(=O)O,1500.0,Intermediate,441.5130000000002,2.1317999999999997,5,8,5.823908740944319
CHEMBL38937,NCCCC(NC(=O)c1ccc(NCc2ccc3nc(N)nc(N)c3c2Cl)cc1)C(=O)O,3.0,Active,457.92200000000025,1.9815999999999996,6,8,8.522878745280337
CHEMBL289372,NCCCC(NC(=O)c1ccc(OCc2ccc3nc(N)nc(O)c3c2)cc1)C(=O)O,530.0,Active,425.44500000000016,1.418499999999999,5,8,6.275724130399211
CHEMBL39107,NCCCC(NC(=O)c1ccc(OCc2ccc3ncnc(O)c3c2)cc1)C(=O)O,3800.0,Intermediate,410.4300000000001,1.8362999999999992,4,7,5.42021640338319
CHEMBL139551,Nc1nc(O)c2cc(COc3ccc(C(=O)NC(CCC(=O)O)C(=O)O)cc3)ccc2n1,170.0,Active,440.4120000000002,1.544399999999999,5,8,6.769551078621726
CHEMBL160505,CN(Cc1cnc2nc(N)nc(N)c2n1)c1ccc(C(=O)NC(CC(F)C(=O)O)C(=O)O)cc1,1.35,Active,472.4370000000002,0.2164000000000009,5,10,8.869666231504993
CHEMBL349572,CN(Cc1cnc2nc(N)nc(N)c2n1)c1ccc(C(=O)N[C@H](C[C@@H](F)C(=O)O)C(=O)O)cc1,0.84,Active,472.4370000000002,0.2164000000000009,5,10,9.075720713938118
CHEMBL38561,Nc1nc(O)c2c(Cl)c(CNc3ccc(C(=O)NC(CCC(=O)O)C(=O)O)cc3)ccc2n1,100.0,Active,473.8730000000002,2.2309,6,8,7.0
CHEMBL37061,Nc1nc(N)c2c(Cl)c(CNc3ccc(C(=O)NC(CCC(=O)O)C(=O)O)cc3)ccc2n1,3.8,Active,472.8890000000002,2.1074999999999995,6,8,8.42021640338319
CHEMBL160699,CN(Cc1cnc2nc(N)nc(N)c2n1)c1ccc(C(=O)NC(C(=O)O)C(F)(F)CC(=O)O)cc1,1.34,Active,490.4270000000002,0.5136000000000013,5,10,8.872895201635192
CHEMBL354121,O=C(O)CCC(NC(=O)c1ccc(OCc2ccc3ncnc(O)c3c2)cc1)C(=O)O,260.0,Active,425.39700000000016,1.9621999999999995,4,7,6.585026652029182
CHEMBL333769,Nc1ccc(Sc2cccc3nc(N)nc(N)c23)cc1,320.0,Active,283.36,2.5276,3,6,6.494850021680094
CHEMBL413110,Nc1nc(N)c2c(Sc3ccc(C(F)(F)F)cc3)cccc2n1,2600.0,Intermediate,336.342,3.964200000000001,2,5,5.585026652029182
CHEMBL338742,Nc1nc(N)c2c(Sc3cccc(Cl)c3)cccc2n1,270.0,Active,302.79,3.5988000000000007,2,5,6.568636235841013
CHEMBL334307,Nc1nc(N)c2c(Sc3ccccc3Cl)cccc2n1,92.0,Active,302.79,3.5988000000000007,2,5,7.036212172654444
CHEMBL36,CCc1nc(N)nc(N)c1-c1ccc(Cl)cc1,2600.0,Intermediate,248.71700000000004,2.5238000000000005,2,4,5.585026652029182
CHEMBL120588,CC(C)(C)c1ccc(Sc2c(N)ccc3nc(N)nc(N)c23)cc1,4300.0,Intermediate,339.4680000000001,3.825100000000001,3,6,5.366531544420414
CHEMBL7492,COc1ccc(OC)c(Cc2cnc3nc(N)nc(N)c3c2C)c1,2.0,Active,325.37200000000007,2.10562,2,7,8.698970004336019
CHEMBL121057,Nc1nc(N)c2c(Sc3ccc(OC4CCOCC4)cc3)cccc2n1,200.0,Active,368.4620000000001,3.5032000000000023,2,7,6.698970004336019
CHEMBL330868,COc1ccc(Sc2cccc3nc(N)nc(N)c23)cc1,3500.0,Intermediate,298.37100000000004,2.954,2,6,5.455931955649724
CHEMBL121669,CC(C)COc1ccc2nc(N)nc(N)c2c1Sc1ccc(C(C)(C)C)cc1,30.0,Active,396.5600000000001,5.277700000000004,2,6,7.522878745280337
CHEMBL333976,CCN(CC)c1ccc(Sc2cccc3nc(N)nc(N)c23)cc1,4300.0,Intermediate,339.4680000000001,3.7916000000000007,2,6,5.366531544420414
CHEMBL120783,N#Cc1ccc(Sc2cccc3nc(N)nc(N)c23)cc1,33000.0,Inactive,293.355,2.81708,2,6,4.481486060122112
CHEMBL118490,COc1cccc(Sc2cccc3nc(N)nc(N)c23)c1,1300.0,Intermediate,298.37100000000004,2.954,2,6,5.886056647693163
CHEMBL431359,CC(Cc1ccc(C(=O)NC(CCC(=O)O)C(=O)O)cc1)c1cnc2nc(N)nc(N)c2n1,40.0,Active,453.4590000000001,0.9782000000000004,5,9,7.397940008672037
CHEMBL118316,Nc1nc(N)c2c(Sc3ccc(Br)cc3)cccc2n1,3100.0,Intermediate,347.24100000000004,3.707900000000001,2,5,5.508638306165727
CHEMBL122647,COc1ccc(Sc2cccc3nc(N)nc(N)c23)cc1OC,4100.0,Intermediate,328.3970000000001,2.9626,2,7,5.3872161432802645
CHEMBL329985,CC(C)(C)c1ccc(Sc2cccc3nc(N)nc(N)c23)cc1,2000.0,Intermediate,324.45300000000003,4.242900000000002,2,5,5.698970004336019
CHEMBL328827,Nc1nc(N)c2c(Sc3ccc(N4CCOCC4)cc3)cccc2n1,70000.0,Inactive,353.451,2.782000000000001,2,7,4.154901959985743
CHEMBL121303,COc1ccccc1Sc1cccc2nc(N)nc(N)c12,400.0,Active,298.37100000000004,2.954,2,6,6.3979400086720375
CHEMBL124304,CC(C)c1ccc(Sc2cccc3nc(N)nc(N)c23)cc1,2400.0,Intermediate,310.42600000000004,4.068800000000002,2,5,5.619788758288394
CHEMBL121595,CCCCCCc1ccc(Sc2cccc3nc(N)nc(N)c23)cc1,550.0,Active,352.5070000000001,5.068200000000004,2,5,6.259637310505756
CHEMBL310759,Nc1nc(N)c2c(Sc3ccc(Cl)cc3)cccc2n1,2100.0,Intermediate,302.79,3.5988000000000007,2,5,5.6777807052660805
CHEMBL120924,COc1cc(Sc2cccc3nc(N)nc(N)c23)cc(OC)c1OC,4400.0,Intermediate,358.4230000000002,2.9712000000000005,2,8,5.356547323513812
CHEMBL334017,Nc1nc(N)c2c(Sc3ccc(C4CCCCC4)cc3)cccc2n1,10000.0,Inactive,350.49100000000004,4.993100000000003,2,5,5.0
CHEMBL121680,Nc1nc(N)c2c(Sc3ccc([N+](=O)[O-])cc3)cccc2n1,24000.0,Inactive,313.34200000000004,2.853600000000001,2,7,4.619788758288394
CHEMBL302068,CCC(Cc1ccc(C(=O)NC(CCC(=O)O)C(=O)O)cc1)c1cnc2nc(N)nc(N)c2n1,70.0,Active,467.48600000000016,1.368300000000001,5,9,7.154901959985743
CHEMBL420721,CCOc1ccc2nc(N)nc(N)c2c1Sc1ccc(C(C)(C)C)cc1,820.0,Active,368.5060000000001,4.641600000000002,2,6,6.086186147616283
CHEMBL123353,Nc1nc(N)c2c(Sc3ccc(O)cc3)cccc2n1,180.0,Active,284.34400000000005,2.6510000000000007,3,6,6.7447274948966935
CHEMBL121644,Nc1nc(N)c2c(Sc3ccc(F)cc3)cccc2n1,2000.0,Intermediate,286.33500000000004,3.084500000000001,2,5,5.698970004336019
CHEMBL100239,Nc1nc(N)c2c(Sc3ccccc3)cccc2n1,620.0,Active,268.345,2.945400000000001,2,5,6.2076083105017466
CHEMBL83547,Cc1ccc(Sc2cccc3nc(N)nc(N)c23)cc1,940.0,Active,282.372,3.25382,2,5,6.026872146400302
CHEMBL123061,CCC(C)(C)c1ccc(Sc2cccc3nc(N)nc(N)c23)cc1,3900.0,Intermediate,338.4800000000001,4.633000000000003,2,5,5.4089353929735005
CHEMBL122628,CC(C)(C)c1ccc(Sc2c(C#N)ccc3nc(N)nc(N)c23)cc1,9100.0,Intermediate,349.4630000000001,4.114580000000002,2,6,5.040958607678906
CHEMBL60639,CC(Cc1coc2nc(N)cc(N)c12)c1ccc(C(=O)NC(CCC(=O)O)C(=O)O)cc1,420.0,Active,440.4560000000002,2.3862000000000005,5,7,6.376750709602099
CHEMBL155023,CN(Cc1cnc2nc(N)nc(N)c2n1)c1ccc(C(=O)NC(CCC(=O)Nc2cccc(C(=O)O)c2)C(=O)O)cc1,35.0,Active,573.5700000000004,1.520700000000002,6,11,7.455931955649724
CHEMBL57444,Nc1cc(N)c2c(CCc3ccc(C(=O)NC(CCC(=O)O)C(=O)O)cc3)coc2n1,1000.0,Intermediate,426.42900000000014,1.8251999999999995,5,7,6.0
CHEMBL157117,CN(Cc1cnc2nc(N)nc(N)c2n1)c1ccc(C(=O)NC(CCC(=O)Nc2cccc(B(O)O)c2)C(=O)O)cc1,30.0,Active,573.3790000000004,-0.4976999999999971,7,12,7.522878745280337
CHEMBL327066,Nc1nc(N)c2nc(COC(=O)c3ccc(C(=O)N[C@@H](CCC(=O)O)C(=O)O)cc3)cnc2n1,3100.0,Intermediate,469.4140000000002,-0.0109999999999997,5,11,5.508638306165727
CHEMBL56977,CCC(Cc1coc2nc(N)cc(N)c12)c1ccc(C(=O)NC(CCC(=O)O)C(=O)O)cc1,220.0,Active,454.4830000000002,2.7763,5,7,6.657577319177793
CHEMBL421973,Nc1nc(N)c2nc(CNc3ccc(C(=O)NC(CCC(=O)Nc4cccc(C(=O)O)c4)C(=O)O)cc3)cnc2n1,32.0,Active,559.5430000000002,1.4963999999999995,7,11,7.494850021680094
CHEMBL65711,C=C(CC(NC(=O)c1ccc(NCc2cnc3nc(N)nc(N)c3n2)cc1)C(=O)O)C(=O)O,88.0,Active,452.4310000000002,0.4101999999999998,6,10,7.055517327849832
CHEMBL117602,Nc1nc(N)c2cc(COC(=O)c3ccc(C(=O)N[C@@H](CCC(=O)O)C(=O)O)cc3)ccc2n1,125.0,Active,467.4380000000002,1.199,5,9,6.903089986991944
CHEMBL65620,CN(Cc1cnc2nc(N)nc(N)c2n1)c1ccc(C(=O)NC(CC(C#N)C(=O)O)C(=O)O)cc1,57.0,Active,479.4570000000002,0.0180800000000011,5,11,7.244125144327507
CHEMBL33208,COc1cc(CNc2cnc3nc(N)nc(N)c3c2)cc(OC)c1OC,76000.0,Inactive,356.38600000000014,1.8271,3,9,4.119186407719209
CHEMBL32113,COc1ccc(OC)c(CN(C)c2cnc3nc(N)nc(N)c3c2)c1,8500.0,Intermediate,340.38700000000006,1.8428,2,8,5.070581074285707
CHEMBL116200,COc1ccc(CNc2ccc3nc(N)nc(N)c3c2)c(OC)c1,26000.0,Inactive,325.37200000000007,2.4235,3,7,4.585026652029182
CHEMBL114839,Nc1nc(N)c2cc(NCc3cccc4c3CCCC4)ccc2n1,600.0,Active,319.41200000000003,3.2851000000000017,3,5,6.221848749616356
CHEMBL325434,COc1ccc(OC)c(CN(C)c2ccc3nc(N)nc(N)c3c2)c1,26.0,Active,339.39900000000006,2.4478,2,7,7.585026652029182
CHEMBL114058,COc1cc(OC)c(CNc2ccc3nc(N)nc(N)c3c2)c(OC)c1,25000.0,Inactive,355.39800000000014,2.4321,3,8,4.6020599913279625
CHEMBL115804,COc1ccc(CN(C)c2ccc3nc(N)nc(N)c3c2)c(OC)c1,50.0,Active,339.3990000000001,2.4478,2,7,7.301029995663981
CHEMBL114354,CN(Cc1cccc2c1CCCC2)c1ccc2nc(N)nc(N)c2c1,27.0,Active,333.439,3.3094,2,5,7.568636235841013
CHEMBL113999,COc1cc(CNc2ccc3nc(N)nc(N)c3c2)cc(OC)c1OC,23000.0,Inactive,355.39800000000014,2.4321,3,8,4.638272163982407
CHEMBL32708,COc1ccc(OC)c(CNc2cnc3nc(N)nc(N)c3c2)c1,13000.0,Inactive,326.36000000000007,1.8185,3,8,4.886056647693163
CHEMBL36245,COc1cc(CN(C)c2cnc3nc(N)nc(N)c3c2)cc(OC)c1,2900.0,Intermediate,340.3870000000001,1.8428,2,8,5.537602002101044
CHEMBL117750,COc1ccc(CN(C)c2ccc3nc(N)nc(N)c3c2)c(OC)c1OC,140.0,Active,369.4250000000002,2.4564000000000004,2,8,6.853871964321762
CHEMBL116815,COc1cc(CNc2ccc3nc(N)nc(N)c3c2)cc(OC)c1,28000.0,Inactive,325.37200000000007,2.4235000000000007,3,7,4.552841968657781
CHEMBL116637,COc1ccc(CNc2ccc3nc(N)nc(N)c3c2)c(OC)c1OC,27000.0,Inactive,355.39800000000014,2.4321,3,8,4.568636235841013
CHEMBL116816,COc1ccc(OC)c(CNc2ccc3nc(N)nc(N)c3c2)c1,28000.0,Inactive,325.37200000000007,2.4235,3,7,4.552841968657781
CHEMBL113816,COc1cc(CN(C)c2ccc3nc(N)nc(N)c3c2)cc(OC)c1,11.0,Active,339.3990000000001,2.4478,2,7,7.958607314841775
CHEMBL115474,Nc1nc(N)c2cc(NCc3ccccc3)ccc2n1,2400.0,Intermediate,265.32,2.4063000000000008,3,5,5.619788758288394
CHEMBL114833,COc1cc(OC)c(OC)cc1CNc1ccc2nc(N)nc(N)c2c1,1400.0,Intermediate,355.39800000000014,2.4321,3,8,5.853871964321762
CHEMBL80135,Cc1c(N(C)Cc2ccc(C(=O)NC(CCC(=O)O)C(=O)O)cc2)ccc2nc(N)nc(O)c12,3200.0,Intermediate,467.48200000000014,1.9102200000000005,5,8,5.494850021680094
CHEMBL36866,Cc1c(NCc2ccc(C(=O)NC(CCC(=O)O)C(=O)O)cc2)ccc2nc(N)nc(N)c12,4.1,Active,452.4710000000002,1.7625199999999994,6,8,8.387216143280265
CHEMBL36739,Nc1nc(=O)c2cc(NCc3ccc(C(=O)NC(CCC(=O)O)C(=O)O)cc3)ccc2[nH]1,110.0,Active,439.42800000000017,1.1652,6,7,6.958607314841775
CHEMBL305253,CN(Cc1ccc(C(=O)NC(CCC(=O)O)C(=O)O)cc1)c1ccc2nc(N)nc(N)c2c1,4.6,Active,452.4710000000001,1.4784000000000008,5,8,8.337242168318426
CHEMBL132142,Nc1nc(N)c2cc(CNc3ccc(C(=O)NC(CCC(=O)O)C(=O)O)c4ccccc34)cnc2n1,0.0021,Active,489.49200000000025,2.002299999999999,6,9,11.67778070526608
CHEMBL343140,CN(Cc1ccc2nc(N)nc(O)c2c1)c1ccc(C(=O)NC(CCC(=O)O)C(=O)O)cc1,83.0,Active,453.4550000000002,1.6018,5,8,7.080921907623926
CHEMBL69713,Nc1nc(N)c2cc(N(C=O)Cc3ccc(C(=O)NC(CCC(=O)O)C(=O)O)cc3)ccc2n1,5.7,Active,466.4540000000002,1.005,5,8,8.244125144327509
CHEMBL77065,Nc1nc(O)c2cc(N(C=O)Cc3ccc(C(=O)NC(CCC(=O)O)C(=O)O)cc3)ccc2n1,280.0,Active,467.43800000000016,1.1283999999999998,5,8,6.552841968657781
CHEMBL140448,Nc1nc(O)c2cc(CN(C=O)c3ccc(C(=O)NC(CCC(=O)O)C(=O)O)cc3)ccc2n1,11.0,Active,467.43800000000016,1.1283999999999998,5,8,7.958607314841775
CHEMBL35936,Cc1c(NCc2ccc(C(=O)NC(CCC(=O)O)C(=O)O)cc2)ccc2nc(N)nc(O)c12,460.0,Active,453.45500000000015,1.88592,6,8,6.337242168318426
CHEMBL39175,Nc1nc(O)c2cc(CNc3ccc(C(=O)NC(CCS(=O)(=O)O)C(=O)O)cc3)cnc2n1,400.0,Active,476.4710000000002,0.3856,6,10,6.3979400086720375
CHEMBL303654,Nc1nc(N)c2cc(CN(C=O)c3ccc(C(=O)NC(CCC(=O)O)C(=O)O)cc3)ccc2n1,5.8,Active,466.4540000000002,1.005,5,8,8.236572006437063
CHEMBL38902,Nc1nc(O)c2c(n1)NCC(CNc1ccc(C(=O)NC(CCP(=O)(O)O)C(=O)O)cc1)C2,220000.0,Inactive,480.4180000000002,0.2114999999999996,8,9,3.657577319177794
CHEMBL442217,C=CCN(Cc1ccc(C(=O)NC(CCC(=O)O)C(=O)O)cc1)c1ccc2nc(N)nc(O)c2c1,1400.0,Intermediate,479.49300000000017,2.1579999999999995,5,8,5.853871964321762
CHEMBL40850,Nc1nc(O)c2cc(CNc3ccc(C(=O)NC(CCP(=O)(O)O)C(=O)O)cc3)cnc2n1,4700.0,Intermediate,476.38600000000014,0.6754999999999993,7,9,5.327902142064283
CHEMBL74659,CN(Cc1ccc(C(=O)NC(CCC(=O)O)C(=O)O)cc1)c1ccc2nc(N)nc(O)c2c1,300.0,Active,453.4550000000001,1.6018000000000008,5,8,6.522878745280337
CHEMBL141576,C=CCN(Cc1ccc(C(=O)NC(CCC(=O)O)C(=O)O)cc1)c1ccc2nc(N)nc(N)c2c1,5.4,Active,478.5090000000002,2.0345999999999997,5,8,8.267606240177031
CHEMBL294973,CCOP(=O)(O)CCC(NC(=O)c1ccc(NCc2cnc3nc(N)nc(O)c3c2)cc1)C(=O)O,1300.0,Intermediate,504.4400000000002,1.7196999999999998,6,10,5.886056647693163
CHEMBL417696,Nc1nc(O)c2c(n1)NCC(CNc1ccc(C(=O)NC(CCS(=O)(=O)O)C(=O)O)cc1)C2,12000.0,Inactive,480.5030000000002,-0.0783999999999998,7,10,4.920818753952375
CHEMBL23977,Nc1nc(O)c2cc(CNc3ccc(C(=O)NC(CCC(=O)O)C(=O)O)cc3)ccc2n1,34.0,Active,439.42800000000017,1.5774999999999988,6,8,7.468521082957745
CHEMBL141648,C#CCN(Cc1ccc(C(=O)NC(CCC(=O)O)C(=O)O)cc1)c1ccc2nc(N)nc(N)c2c1,5.3,Active,476.4930000000002,1.481800000000001,5,8,8.275724130399212
CHEMBL423123,Nc1nc(N)c2cc(NCc3ccc(C(=O)NC(CCC(=O)O)C(=O)O)cc3)ccc2n1,8.6,Active,438.4440000000002,1.4541,6,8,8.065501548756432
CHEMBL305177,Nc1nc(N)c2cc(CNc3ccc(C(=O)NC(CCC(=O)O)C(=O)O)cc3)ccc2n1,4.5,Active,438.4440000000002,1.4541,6,8,8.346787486224656
CHEMBL141857,C#CCN(Cc1ccc(C(=O)NC(CCC(=O)O)C(=O)O)cc1)c1ccc2nc(N)nc(O)c2c1,3000.0,Intermediate,477.4770000000002,1.6052000000000008,5,8,5.522878745280337
CHEMBL41459,CCOP(=O)(O)CCC(NC(=O)c1ccc(NCC2CNc3nc(N)nc(O)c3C2)cc1)C(=O)O,950000.0,Inactive,508.47200000000026,1.2556999999999994,7,10,3.0222763947111524
CHEMBL304397,CN(Cc1ccc2nc(N)nc(N)c2c1)c1ccc(C(=O)NC(CCC(=O)O)C(=O)O)cc1,3.9,Active,452.4710000000002,1.4784,5,8,8.4089353929735
CHEMBL39851,Nc1nc(O)c2c(Cl)c(NCc3ccc(C(=O)NC(CCC(=O)O)C(=O)O)cc3)ccc2n1,100.0,Active,473.8730000000002,2.2309,6,8,7.0
CHEMBL138500,CC1=C(Sc2ccncc2)C2C(=O)NC(N)=NC2N1,69000.0,Inactive,275.337,0.3951999999999995,3,6,4.161150909262744
CHEMBL336487,CC1=C(Sc2ccc(C(=O)NC(CCC(=O)O)C(=O)O)cc2)C2C(=O)NC(N)=NC2N1,2200.0,Intermediate,447.47300000000007,0.0480000000000017,6,8,5.657577319177793
CHEMBL58366,COc1cc(Cc2cnc(N)nc2N)cc2c(N(C)C)cc(C)nc12,140.0,Active,338.4150000000001,2.1630199999999995,2,7,6.853871964321762
CHEMBL56325,Cc1cc(N2CCOCC2)nc2cc(Cc3cnc(N)nc3N)ccc12,630.0,Active,350.4260000000001,1.9250199999999995,2,7,6.200659450546418
CHEMBL294377,COc1cc(C)c2ccc(Cc3cnc(N)nc3N)cc2n1,300.0,Active,295.346,2.09702,2,6,6.522878745280337
CHEMBL60486,COc1cc(C)c2cc(Cc3cnc(N)nc3N)cc(C)c2n1,1800.0,Intermediate,309.37300000000005,2.4054400000000005,2,6,5.7447274948966935
CHEMBL56719,COc1cc(C)nc2c(OC)cc(Cc3cnc(N)nc3N)cc12,540.0,Active,325.37200000000007,2.10562,2,7,6.267606240177032
CHEMBL1160181,C#CN(Cc1ccc2nc(N)nc(O)c2c1)c1ccc(C(=O)NC(CCC(=O)O)C(=O)NC(CCC(=O)NC(CCC(=O)NC(CCC(=O)NC(CCC(=O)O)C(=O)O)C(=O)O)C(=O)O)C(=O)O)cc1,290.0,Active,979.9100000000002,-1.0388999999999924,13,16,6.537602002101044
CHEMBL35921,NCCCC(NC(=O)c1ccc(NCc2ccc3nc(N)nc(N)c3n2)cc1)C(=O)O,16.0,Active,424.4650000000002,0.7232000000000001,6,9,7.795880017344075
CHEMBL280864,NCCCC(NC(=O)c1ccc(NCc2cnc3nc(N)nc(N)c3n2)cc1)C(=O)O,72.0,Active,425.4530000000002,0.1182,6,10,7.142667503568731
CHEMBL1160188,C#CN(Cc1ccc2nc(N)nc(O)c2c1)c1ccc(C(=O)NC(CCC(=O)NC(CCC(=O)NC(CCC(=O)O)C(=O)O)C(=O)O)C(=O)O)cc1,370.0,Active,721.6800000000005,0.2619000000000052,9,12,6.431798275933005
CHEMBL287532,NCCCC(NC(=O)c1ccc(NCc2cnc3nc(N)nc(N)c3c2)cc1)C(=O)O,27000.0,Inactive,424.4650000000002,0.7232,6,9,4.568636235841013
CHEMBL1160189,C#CN(Cc1ccc2nc(N)nc(O)c2c1)c1ccc(C(=O)NC(CCC(=O)O)C(=O)NC(CCC(=O)O)C(=O)O)cc1,340.0,Active,592.5650000000005,0.9123000000000008,7,10,6.468521082957745
CHEMBL1160192,C#CN(Cc1ccc2nc(N)nc(O)c2c1)c1ccc(C(=O)NC(CCC(=O)O)C(=O)NC(CCC(=O)NC(CCC(=O)NC(CCC(=O)O)C(=O)O)C(=O)O)C(=O)O)cc1,300.0,Active,850.7950000000003,-0.3884999999999907,11,14,6.522878745280337
CHEMBL1160200,C#CN(Cc1ccc2nc(N)nc(O)c2c1)c1ccc(C(=O)NC(CCC=O)C(=O)O)cc1,640.0,Active,447.45100000000025,1.6769999999999998,4,8,6.1938200260161125
CHEMBL32439,NCCCC(NC(=O)c1ccc(NCc2ccc3nc(N)nc(N)c3c2)cc1)C(=O)O,35.0,Active,423.4770000000002,1.3281999999999994,6,8,7.455931955649724
CHEMBL35807,NCCCC(NC(=O)c1ccc(NCc2ccc3nc(N)nc(O)c3c2)cc1)C(=O)O,750.0,Active,424.4610000000002,1.4515999999999991,6,8,6.1249387366083
CHEMBL32691,CN(Cc1cnc2nc(N)nc(N)c2n1)c1ccc(C(=O)NC(CCCNCC(=O)O)C(=O)O)cc1,50.0,Active,497.5160000000003,-0.141999999999997,6,11,7.301029995663981
CHEMBL35231,NCCCC(NC(=O)c1ccc(NCc2cnc3nc(N)nc(O)c3c2)cc1)C(=O)O,8500.0,Intermediate,425.4490000000002,0.8465999999999991,6,9,5.070581074285707
CHEMBL345708,Cc1c(CNc2ccc(OC(F)F)cc2)cnc2nc(N)nc(N)c12,20.0,Active,346.34100000000007,2.71112,3,7,7.698970004336019
CHEMBL147256,Cc1ccc(Cl)cc1NCc1cnc2nc(N)nc(N)c2c1C,6.1,Active,328.80700000000013,3.07154,3,6,8.214670164989233
CHEMBL345757,COCc1c(CNc2ccc(Cl)cc2)cnc2nc(N)nc(N)c12,2600.0,Intermediate,344.8060000000001,2.6010999999999997,3,7,5.585026652029182
CHEMBL279679,CCOc1ccc(OCC)c(NCc2cnc3nc(N)nc(N)c3c2C)c1,2300.0,Intermediate,368.44100000000014,2.90712,3,8,5.638272163982407
CHEMBL147006,Cc1cc(Br)cc(C)c1NCc1cnc2nc(N)nc(N)c2c1C,1900.0,Intermediate,387.2850000000002,3.4890599999999994,3,6,5.721246399047171
CHEMBL23492,Nc1nc(N)c2cc(CNc3ccc(Cl)cc3)cnc2n1,670.0,Active,300.75300000000004,2.4547000000000008,3,6,6.173925197299173
CHEMBL151611,Cc1c(CNC2c3ccccc3-c3ccccc32)cnc2nc(N)nc(N)c12,5300.0,Intermediate,368.4440000000001,3.35722,3,6,5.275724130399211
CHEMBL23713,COc1ccc(C)c(NCc2cnc3nc(N)nc(N)c3c2C)c1,150.0,Active,324.3880000000001,2.426740000000001,3,7,6.823908740944319
CHEMBL23383,Cc1ccc(C)c(NCc2cnc3nc(N)nc(N)c3c2C)c1,57.0,Active,308.3890000000001,2.72656,3,6,7.244125144327507
CHEMBL146968,Cc1cc(NCc2cnc3nc(N)nc(N)c3c2C)c(Cl)cc1F,33.0,Active,346.797,3.2106400000000006,3,6,7.481486060122112
CHEMBL23569,COc1cc(NCc2cnc3nc(N)nc(N)c3c2C)cc(OC)c1,15.0,Active,340.3870000000001,2.12692,3,8,7.823908740944319
CHEMBL347061,Cc1ccc(F)cc1NCc1cnc2nc(N)nc(N)c2c1C,19.0,Active,312.3520000000001,2.5572399999999997,3,6,7.721246399047171
CHEMBL147124,Cc1c(Cl)cccc1NCc1cnc2nc(N)nc(N)c2c1C,5.2,Active,328.8070000000001,3.07154,3,6,8.2839966563652
CHEMBL2092925,C/C(=C\c1coc2nc(N)nc(N)c12)c1ccc(C(=O)N[C@@H](CCC(=O)O)C(=O)O)cc1,42000.0,Inactive,439.42800000000017,1.9955,5,8,4.376750709602099
CHEMBL148814,Cc1ccc(NCc2cnc3nc(N)nc(N)c3c2C)cc1Br,3.7,Active,373.258,3.1806400000000004,3,6,8.431798275933005
CHEMBL150470,Cc1cc(Cl)ccc1NCc1cnc2nc(N)nc(N)c2c1C,2.8,Active,328.8070000000001,3.07154,3,6,8.55284196865778
CHEMBL283518,COc1ccc(NCc2cnc3nc(N)nc(N)c3c2C)cc1OC,5.1,Active,340.3870000000001,2.12692,3,8,8.292429823902063
CHEMBL23220,Cc1c(CN(C)c2cccc3c2CCCC3)cnc2nc(N)nc(N)c12,710.0,Active,348.45400000000006,3.01282,2,6,6.1487416512809245
CHEMBL359144,Cc1c(CNc2ccc3ccc4cccc5ccc2c3c45)cnc2nc(N)nc(N)c12,3.8,Active,404.4770000000002,5.007120000000002,3,6,8.42021640338319
CHEMBL1237205,C/C(=C/c1coc2nc(N)nc(N)c12)c1ccc(C(=O)N[C@@H](CCC(=O)O)C(=O)O)cc1.C/C(=C\c1coc2nc(N)nc(N)c12)c1ccc(C(=O)N[C@@H](CCC(=O)O)C(=O)O)cc1,2200.0,Intermediate,878.8559999999998,3.9910000000000014,10,16,5.657577319177793
CHEMBL23416,Cc1c(CNc2ccc(Cl)cc2)cnc2nc(N)nc(N)c12,27.0,Active,314.7800000000001,2.76312,3,6,7.568636235841013
CHEMBL23288,COc1cc(NCc2cnc3nc(N)nc(N)c3c2)cc(OC)c1OC,3900.0,Intermediate,356.38600000000014,1.8271,3,9,5.4089353929735005
CHEMBL23867,Cc1c(CNc2cccc3ccccc23)cnc2nc(N)nc(N)c12,4.3,Active,330.3950000000001,3.2629200000000003,3,6,8.366531544420413
CHEMBL347088,Cc1c(CNc2ccccc2OC(F)F)cnc2nc(N)nc(N)c12,277.0,Active,346.34100000000007,2.7111199999999998,3,7,6.557520230935552
CHEMBL23076,COc1ccc(C(F)(F)F)cc1N(C)Cc1cnc2nc(N)nc(N)c2c1C,36.0,Active,392.38500000000016,3.16142,2,7,7.443697499232712
CHEMBL150382,Cc1cc(NCc2cnc3nc(N)nc(N)c3c2C)ccc1Br,6.1,Active,373.258,3.1806400000000004,3,6,8.214670164989233
CHEMBL81820,Cc1c(CNc2ccc(Cl)c(Cl)c2)cnc2nc(N)nc(N)c12,5.0,Active,349.2250000000001,3.416520000000001,3,6,8.301029995663981
CHEMBL282948,Cc1c(CNc2cccc3c2CCCC3)cnc2nc(N)nc(N)c12,142.0,Active,334.427,2.9885199999999994,3,6,6.847711655616943
CHEMBL149101,Cc1c(CNc2cnc3ccccc3c2)cnc2nc(N)nc(N)c12,12.0,Active,331.3830000000001,2.6579199999999994,3,7,7.920818753952375
CHEMBL22677,Cc1c(CSc2ccc(Cl)cc2)cnc2nc(N)nc(N)c12,590.0,Active,331.8320000000001,3.443320000000001,2,6,6.229147988357855
CHEMBL81119,Cc1c(CNc2ccccc2Cl)cnc2nc(N)nc(N)c12,120.0,Active,314.7800000000001,2.76312,3,6,6.920818753952375
CHEMBL23963,COc1cc(NCc2cnc3nc(N)nc(N)c3c2C)cc(C(F)(F)F)c1,5.5,Active,378.35800000000006,3.1371200000000004,3,7,8.259637310505756
CHEMBL148877,Cc1cc(Br)ccc1NCc1cnc2nc(N)nc(N)c2c1C,5.9,Active,373.2580000000002,3.1806399999999995,3,6,8.229147988357855
CHEMBL22623,COc1cc(OC)cc(N(C)Cc2cnc3nc(N)nc(N)c3c2C)c1,8.7,Active,354.4140000000001,2.1512200000000004,2,8,8.060480747381382
CHEMBL150317,Cc1c(CNc2ccc(Cl)c3ccccc23)cnc2nc(N)nc(N)c12,2.0,Active,364.84000000000015,3.9163200000000016,3,6,8.698970004336019
CHEMBL147504,COc1cc(-c2ccccc2)ccc1NCc1cnc2nc(N)nc(N)c2c1C,68.0,Active,386.4590000000002,3.785320000000001,3,7,7.167491087293763
CHEMBL151947,CCCOc1ccc(NCc2cnc3nc(N)nc(N)c3c2C)cc1OC,15.0,Active,368.44100000000014,2.907120000000001,3,8,7.823908740944319
CHEMBL23532,COc1cc(NCc2cnc3nc(N)nc(N)c3c2C)cc(OC)c1OC,4.7,Active,370.4130000000002,2.13552,3,9,8.327902142064282
CHEMBL151367,Cc1c(CNc2ccc3ccccc3c2)cnc2nc(N)nc(N)c12,10.0,Active,330.3950000000001,3.26292,3,6,8.0
CHEMBL149351,CCc1c(CNc2cc(OC)ccc2OC)cnc2nc(N)nc(N)c12,1000.0,Intermediate,354.4140000000001,2.3809,3,8,6.0
CHEMBL279705,COc1ccc(C)cc1NCc1cnc2nc(N)nc(N)c2c1C,300.0,Active,324.3880000000001,2.426740000000001,3,7,6.522878745280337
CHEMBL284544,COc1ccc(OC)c(CCc2cnc3nc(N)nc(N)c3c2C)c1,2700.0,Intermediate,339.39900000000006,2.30002,2,7,5.568636235841013
CHEMBL151312,CCCOc1ccc(OCCC)c(NCc2cnc3nc(N)nc(N)c3c2C)c1,7300.0,Intermediate,396.4950000000001,3.6873200000000006,3,8,5.136677139879544
CHEMBL430872,CC(Cc1coc2nc(N)nc(N)c12)c1ccc(C(=O)N[C@@H](CCC(=O)O)C(=O)O)cc1,420.0,Active,441.4440000000002,1.7811999999999997,5,8,6.376750709602099
CHEMBL23021,COc1ccc(OC)c(NCc2cnc3nc(N)nc(N)c3c2C)c1,1000.0,Intermediate,340.3870000000001,2.12692,3,8,6.0
CHEMBL347974,Cc1ccc(NCc2cnc3nc(N)nc(N)c3c2C)cc1Cl,6.7,Active,328.807,3.0715400000000006,3,6,8.173925197299173
CHEMBL346666,Cc1c(CNc2cccc3cnccc23)cnc2nc(N)nc(N)c12,4.0,Active,331.3830000000001,2.657919999999999,3,7,8.397940008672037
CHEMBL150082,Cc1c(CNc2ccc3c(c2)Cc2ccccc2-3)cnc2nc(N)nc(N)c12,6.7,Active,368.4440000000001,3.68092,3,6,8.173925197299173
CHEMBL106628,Nc1nc(N)c2c(CNc3ccc(C(=O)N[C@@H](CCC(=O)O)C(=O)O)cc3)coc2n1,450.0,Active,428.4050000000002,1.0471,6,9,6.346787486224656
CHEMBL147131,Cc1c(CNc2cc(Br)ccc2Br)cnc2nc(N)nc(N)c12,4.6,Active,438.1270000000001,3.6347200000000006,3,6,8.337242168318426
CHEMBL104829,CN(Cc1coc2nc(N)nc(N)c12)c1ccc(C(=O)N[C@@H](CCC(=O)O)C(=O)O)cc1,220.0,Active,442.4320000000002,1.0713999999999997,5,9,6.657577319177793
CHEMBL147458,Cc1cc(C)c(NCc2cnc3nc(N)nc(N)c3c2C)c(Cl)c1,850.0,Active,342.83400000000006,3.3799600000000005,3,6,6.070581074285707
CHEMBL358381,CCc1c(CNc2cc(C)ccc2OC)cnc2nc(N)nc(N)c12,370.0,Active,338.4150000000001,2.68072,3,7,6.431798275933005
CHEMBL345258,COc1cc(Cl)c(C)cc1NCc1cnc2nc(N)nc(N)c2c1C,10.0,Active,358.83300000000014,3.08014,3,7,8.0
CHEMBL323565,Nc1nc(N)c2c(CCc3ccc(C(=O)N[C@@H](CCC(=O)O)C(=O)O)cc3)coc2n1,1000.0,Intermediate,427.4170000000002,1.2202000000000002,5,8,6.0
CHEMBL358195,CCOc1ccc(NCc2cnc3nc(N)nc(N)c3c2C)cc1OC,18.0,Active,354.41400000000016,2.5170200000000005,3,8,7.744727494896693
CHEMBL151129,COCc1c(CNc2ccc(OC)c(OC)c2)cnc2nc(N)nc(N)c12,6100.0,Intermediate,370.4130000000001,1.9649,3,9,5.214670164989233
CHEMBL151674,Cc1c(CNc2cc(C(F)(F)F)ccc2Br)cnc2nc(N)nc(N)c12,3.2,Active,427.2280000000001,3.891020000000001,3,6,8.494850021680094
CHEMBL147469,Cc1c(CNc2ccc3ncccc3c2)cnc2nc(N)nc(N)c12,7.1,Active,331.3830000000001,2.6579199999999994,3,7,8.148741651280925
CHEMBL151543,COc1cc(CCc2cnc3nc(N)nc(N)c3c2C)cc(OC)c1,990.0,Active,339.39900000000006,2.30002,2,7,6.00436480540245
CHEMBL106699,Nc1nc(N)c2c(CNCc3ccc(C(=O)N[C@@H](CCC(=O)O)C(=O)O)cc3)coc2n1,10000.0,Inactive,442.4320000000002,0.7248,6,9,5.0
CHEMBL147257,Cc1c(CNc2cc(Cl)ccc2Cl)cnc2nc(N)nc(N)c12,8.0,Active,349.2250000000001,3.41652,3,6,8.096910013008056
CHEMBL171480,C#CCN(Cc1ccc2ncnc(O)c2c1)c1ccc(C(=O)NC(CCC(=O)O)C(=O)O)cc1,7000.0,Intermediate,462.4620000000002,2.023,4,7,5.154901959985743
CHEMBL23844,CCOc1ccc(OCC)c(N(C)Cc2cnc3nc(N)nc(N)c3c2C)c1,1000.0,Intermediate,382.4680000000001,2.93142,2,8,6.0
CHEMBL348209,Cc1ccc(F)c(NCc2cnc3nc(N)nc(N)c3c2C)c1,250.0,Active,312.3520000000001,2.55724,3,6,6.6020599913279625
CHEMBL22924,Nc1nc(N)c2cc(CNc3cccc4ccccc34)cnc2n1,820.0,Active,316.36800000000005,2.954500000000001,3,6,6.086186147616283
CHEMBL151958,Cc1c(CNc2cccc3ncccc23)cnc2nc(N)nc(N)c12,4.3,Active,331.3830000000001,2.6579199999999994,3,7,8.366531544420413
CHEMBL281648,COc1ccc(C(F)(F)F)cc1NCc1cnc2nc(N)nc(N)c2c1C,2.7,Active,378.3580000000002,3.1371199999999995,3,7,8.568636235841012
CHEMBL151673,COCc1c(CNc2cc(OC)c(OC)c(OC)c2)cnc2nc(N)nc(N)c12,1300.0,Intermediate,400.43900000000014,1.9735,3,10,5.886056647693163
CHEMBL358884,Cc1c(CNc2cc(C(F)(F)F)ccc2F)cnc2nc(N)nc(N)c12,4.1,Active,366.3220000000001,3.26762,3,6,8.387216143280265
CHEMBL23272,Cc1cccc(SCc2cnc3nc(N)nc(N)c3c2C)c1,850.0,Active,311.4140000000001,3.0983400000000003,2,6,6.070581074285707
CHEMBL148938,COc1cc(SCc2cnc3nc(N)nc(N)c3c2C)cc(OC)c1OC,1200.0,Intermediate,387.4650000000002,2.8157200000000007,2,9,5.920818753952375
CHEMBL148591,Cc1c(CNC2CCCc3ccccc32)cnc2nc(N)nc(N)c12,3400.0,Intermediate,334.42700000000013,2.66482,3,6,5.468521082957745
CHEMBL151109,Cc1c(CNc2cc(F)ccc2F)cnc2nc(N)nc(N)c12,69.0,Active,316.31500000000005,2.38792,3,6,7.161150909262744
CHEMBL169376,O=C(O)CCC(NC(=O)c1ccc(CNc2ccc3ncnc(O)c3c2)cc1)C(=O)O,320.0,Active,424.4130000000002,1.9952999999999996,5,7,6.494850021680094
CHEMBL80066,Cc1c(CNc2cccc(Cl)c2)cnc2nc(N)nc(N)c12,17.0,Active,314.7800000000001,2.76312,3,6,7.769551078621726
CHEMBL23244,COc1ccc(SCc2cnc3nc(N)nc(N)c3c2C)cc1OC,440.0,Active,357.4390000000002,2.8071200000000003,2,8,6.356547323513812
CHEMBL334271,Cc1c(CN(C=O)c2cc(Cl)c(Cl)c(Cl)c2)cnc2nc(N)nc(N)c12,18200.0,Inactive,411.6800000000001,3.620820000000002,2,6,4.739928612014925
CHEMBL149273,Cc1ccc(Cl)c(NCc2cnc3nc(N)nc(N)c3c2C)c1,44.0,Active,328.80700000000013,3.07154,3,6,7.356547323513812
CHEMBL150835,COCc1c(CNc2cc(OC)ccc2OC)cnc2nc(N)nc(N)c12,31000.0,Inactive,370.4130000000001,1.9649,3,9,4.508638306165727
CHEMBL277217,COc1cccc(SCc2cnc3nc(N)nc(N)c3c2C)c1,500.0,Active,327.41300000000007,2.79852,2,7,6.301029995663981
CHEMBL150247,COc1ccc(OC)c(SCc2cnc3nc(N)nc(N)c3c2C)c1,2500.0,Intermediate,357.43900000000014,2.8071200000000003,2,8,5.6020599913279625
CHEMBL356620,COc1ccc(NCc2cnc3nc(N)nc(N)c3c2C)cc1F,14.0,Active,328.35100000000006,2.25742,3,7,7.853871964321762
CHEMBL24007,Cc1c(CSc2cccc(Cl)c2)cnc2nc(N)nc(N)c12,420.0,Active,331.8320000000001,3.443320000000001,2,6,6.376750709602099
CHEMBL23584,Cc1c(CSc2cccc3ccccc23)cnc2nc(N)nc(N)c12,440.0,Active,347.4470000000001,3.943120000000001,2,6,6.356547323513812
CHEMBL151451,Cc1c(CNc2ccc3c4c(cccc24)-c2ccccc2-3)cnc2nc(N)nc(N)c12,6.2,Active,404.47700000000015,4.910320000000003,3,6,8.207608310501746
CHEMBL148577,CCc1c(CNc2cc(C(F)(F)F)ccc2OC)cnc2nc(N)nc(N)c12,3.6,Active,392.3850000000001,3.3911000000000007,3,7,8.443697499232712
CHEMBL19227,Nc1nc(N)c2nc(CNc3ccc(C(=O)NC(CCC(=O)O)C(=O)O)c(F)c3)cnc2n1,27.0,Active,458.41000000000025,0.3831999999999992,6,10,7.568636235841013
CHEMBL19633,COc1ccc(Cc2cnc(N)nc2N)cc1OC,530.0,Active,260.297,1.249,2,6,6.275724130399211
CHEMBL57582,CCc1cc(Cc2cnc(N)nc2N)cc(CC)c1CC,230.0,Active,284.40700000000004,2.9190000000000014,2,4,6.638272163982407
CHEMBL293013,CCc1ccc(Cc2cnc(N)nc2N)cc1CC,1110.0,Intermediate,256.35299999999995,2.3566000000000003,2,4,5.954677021213342
CHEMBL18925,Nc1nc(N)c2nc(CNc3ccc(C(=O)NC(CCC(=O)O)C(=O)O)cc3F)cnc2n1,19.0,Active,458.41000000000025,0.3831999999999992,6,10,7.721246399047171
CHEMBL423985,CN(Cc1cnc2nc(N)nc(N)c2n1)c1ccc(C(=O)NC(CC(F)(F)C(=O)O)C(=O)O)cc1,1530.0,Intermediate,490.4270000000002,0.5136000000000013,5,10,5.815308569182402
CHEMBL77758,CC1c2cc(Cc3ccccc3)c(-c3ccccc3)n2CCN1Cc1cnc(N)nc1N,450.0,Active,424.5520000000003,4.277100000000003,2,6,6.346787486224656
CHEMBL310468,COc1cc2c(c3c1OCO3)[C@@H](C)N(Cc1cnc(N)nc1N)CC2,9.8,Active,343.38700000000017,1.4975999999999998,2,8,8.008773924307505
CHEMBL308758,CC1c2ccc3c4ccccc4n(C)c3c2CCN1Cc1cnc(N)nc1N,4.0,Active,372.4760000000001,3.4052,2,6,8.397940008672037
CHEMBL75944,Nc1ncc(CN2CCc3c([nH]c4ccccc34)C2)c(N)n1,4.0,Active,294.3620000000001,1.6806,3,5,8.397940008672037
CHEMBL305656,COc1cc2c(cc1OC)C(c1ccc(Cl)cc1Cl)CN(Cc1cnc(N)nc1N)C2,7.0,Active,460.3650000000002,4.112700000000002,2,7,8.154901959985743
CHEMBL77608,COc1cc2c(c3c1OCO3)C(C)N(Cc1cnc(N)nc1N)CC2,12.0,Active,343.38700000000017,1.4975999999999998,2,8,7.920818753952375
CHEMBL78104,COc1ccc2c(c1)CN(Cc1cnc(N)nc1N)CC2c1cccc([N+](=O)[O-])c1,6.0,Active,406.44600000000014,2.7055000000000007,2,8,8.221848749616356
CHEMBL74592,CSc1c2n(c3cc(Cl)ccc13)CCN(Cc1cnc(N)nc1N)C2,2.0,Active,374.9010000000001,2.9868,2,7,8.698970004336019
CHEMBL420755,COc1cc2c(c3c1OCO3)[C@H](C)N(Cc1cnc(N)nc1N)CC2,21.0,Active,343.38700000000017,1.4975999999999998,2,8,7.67778070526608
CHEMBL77582,COc1cc2c(cc1OC)CN(Cc1cnc(N)nc1N)CC2,210.0,Active,315.37700000000007,1.2165,2,7,6.6777807052660805
CHEMBL74782,Nc1ncc(CN2CCc3ccccc3C2)c(N)n1,1100.0,Intermediate,255.325,1.1993,2,5,5.958607314841775
CHEMBL74781,COc1cc2c(cc1OC)C(C)N(Cc1cnc(N)nc1N)CC2,44.0,Active,329.4040000000001,1.7774999999999996,2,7,7.356547323513812
CHEMBL42819,Nc1nc(N)c2nc(CNc3ccc(C(=O)NC(CCNC(=O)c4ccccc4C(=O)O)C(=O)O)cc3)cnc2n1,11.6,Active,559.5430000000002,0.897600000000001,7,11,7.935542010773082
CHEMBL318721,CCC(CC)n1ccc2c3c(N)nc(N)nc3ccc21,6.6,Active,269.352,3.1100000000000003,2,5,8.18045606445813
CHEMBL44919,Nc1nc(N)c2nc(CNc3ccc(C(=O)NC(CCCCNC(=O)c4ccccc4C(=O)O)C(=O)O)cc3)cnc2n1,11.4,Active,587.5970000000003,1.6777999999999995,7,11,7.943095148663527
CHEMBL134561,COc1cc(Cc2cnc(N)nc2N)c2c(c1OC)OC(C1CC1)C=C2,30000.0,Inactive,354.4100000000001,2.4332000000000003,2,7,4.522878745280337
CHEMBL33038,CN(Cc1ccccc1)c1cnc2nc(N)nc(N)c2c1,700.0,Active,280.335,1.8256,2,6,6.154901959985743
CHEMBL278515,CN(Cc1coc2nc(N)nc(N)c12)c1ccc(C(=O)NC(CCC(=O)O)C(=O)O)cc1,220.0,Active,442.4320000000002,1.0713999999999997,5,9,6.657577319177793
CHEMBL274278,Nc1nc(N)c2c(CNc3ccc(Cl)c(Cl)c3)coc2n1,15000.0,Inactive,324.17100000000005,3.3061000000000007,3,6,4.823908740944319
CHEMBL33045,Nc1nc(N)c2cc(NCc3ccc(C(=O)NC(=O)[C@H](N)CCC(=O)O)cc3)cnc2n1,320.0,Active,438.4480000000002,0.2498000000000006,6,10,6.494850021680094
CHEMBL32266,COc1cc(CNc2cnc3nc(N)nc(N)c3c2)cc(OC)c1,160000.0,Inactive,326.36000000000007,1.8185,3,8,3.795880017344075
CHEMBL25889,C#CCN(Cc1ccc2nc(C)nc(O)c2c1)c1ccc(C(=O)NC(CCC(=O)O)C(=O)O)cc1,30000.0,Inactive,476.4890000000002,2.33142,4,7,4.522878745280337
CHEMBL16950,COc1cc(NCc2coc3nc(N)nc(N)c23)cc(OC)c1OC,26000.0,Inactive,345.3590000000001,2.0251,3,9,4.585026652029182
CHEMBL17044,COc1ccc(OC)c(NCc2coc3nc(N)nc(N)c23)c1,15000.0,Inactive,315.333,2.0165,3,8,4.823908740944319
CHEMBL17235,Nc1nc(N)c2c(CNc3cc(Cl)c(Cl)c(Cl)c3)coc2n1,25000.0,Inactive,358.6160000000001,3.9595,3,6,4.6020599913279625
CHEMBL309160,Nc1nc(N)c2nc(CNc3c(Cl)cc(C(=O)NC(CCCNC(=O)c4ccccc4C(=O)O)C(=O)O)cc3Cl)cnc2n1,10.2,Active,642.4600000000002,2.5945,7,11,7.991399828238082
CHEMBL33815,CN(Cc1ccc(C(=O)NC(=O)[C@H](N)CCC(=O)O)cc1)c1cnc2nc(N)nc(N)c2c1,650.0,Active,452.47500000000014,0.2741000000000009,5,10,6.187086643357144
CHEMBL35222,COc1ccc(CN(C)c2cnc3nc(N)nc(N)c3c2)c(OC)c1OC,530.0,Active,370.4130000000002,1.8514,2,9,6.275724130399211
CHEMBL286700,Nc1nc(N)c2cc(NCc3ccccc3)cnc2n1,6200.0,Intermediate,266.308,1.8013,3,6,5.207608310501746
CHEMBL17383,Nc1nc(N)c2c(CNc3ccc(C(=O)NC(CCC(=O)O)C(=O)O)cc3)coc2n1,450.0,Active,428.4050000000002,1.0471,6,9,6.346787486224656
CHEMBL18155,Nc1nc(N)c2nc(CNc3ccc(C(=O)NC(CCCNC(=O)c4ccccc4C(=O)O)C(=O)O)cc3)cnc2n1,12.2,Active,573.5700000000003,1.2877000000000007,7,11,7.913640169325252
CHEMBL13659,Nc1nc(N)c(CCCNc2ccc(C(=O)N[C@@H](CCC(=O)O)C(=O)O)cc2)c(O)n1,100000.0,Inactive,432.4370000000002,0.4390999999999997,7,9,4.0
CHEMBL280378,CCOc1cc(Cc2cnc(N)nc2N)cc(OCC)c1-n1cccc1,200.0,Active,353.42600000000004,2.8199000000000014,2,7,6.698970004336019
CHEMBL157230,Nc1nc(O)c2c(n1)NCC(NCc1ccc(C(=O)NC(CCC(=O)O)C(=O)O)cc1)C2,1000000.0,Inactive,444.4480000000002,-0.0613999999999994,7,9,3.0
CHEMBL157857,Nc1nc(O)c2cc(NCc3ccc(C(=O)NC(CCC(=O)O)C(=O)O)cc3)cnc2n1,210.0,Active,440.41600000000017,0.9724999999999988,6,9,6.6777807052660805
CHEMBL156551,CN(Cc1ccc(C(=O)NC(CCC(=O)O)C(=O)O)cc1)c1cnc2nc(N)nc(O)c2c1,250.0,Active,454.4430000000001,0.9968000000000006,5,9,6.6020599913279625
CHEMBL157775,Nc1nc(O)c2cc(N(C=O)Cc3ccc(C(=O)NC(CCC(=O)O)C(=O)O)cc3)cnc2n1,1950.0,Intermediate,468.42600000000016,0.5234,5,9,5.709965388637482
CHEMBL170101,Nc1nc(O)c2c(n1)NCC(CCc1ccc(C(=O)NC(CCC(=O)O)C(=O)O)cc1)C2,100000.0,Inactive,443.4600000000002,1.0291999999999994,6,8,4.0
CHEMBL156308,CN(Cc1ccc(C(=O)NC(CCC(=O)O)C(=O)O)cc1)C1CNc2nc(N)nc(O)c2C1,1000000.0,Inactive,458.47500000000014,0.280800000000001,6,9,3.0
CHEMBL124256,Cc1nc(N)nc2c1c(CCc1ccc(C(=O)N[C@@H](CCC(=O)O)C(=O)O)cc1)cn2Cc1ccccc1,19000.0,Inactive,515.5700000000003,3.203220000000001,4,7,4.721246399047171
CHEMBL1230421,Cc1cn([C@@H]2O[C@H](COP(=O)(O)O)[C@@H](O)[C@H]2O)c(=O)[nH]c1=O,340000.0,Inactive,338.20900000000006,-2.4264799999999997,5,8,3.4685210829577446
CHEMBL10804,Nc1nc(N)c2nc(COc3ccc(C(=O)NC(CCC(=O)O)C(=O)O)cc3)cnc2n1,740.0,Active,441.4040000000002,0.2110000000000002,5,10,6.130768280269024
CHEMBL10592,Nc1nc(N)c2nc(CCSc3ccc(C(=O)NC(CCC(=O)O)C(=O)O)cc3)cnc2n1,25000.0,Inactive,471.4990000000002,0.9667999999999995,5,10,4.6020599913279625
CHEMBL10591,Nc1nc(N)c2nc(CSc3ccc(C(=O)NC(CCC(=O)O)C(=O)O)cc3)cnc2n1,2700.0,Intermediate,457.47200000000026,0.9243000000000005,5,10,5.568636235841013
CHEMBL302669,C#CCN(Cc1ccc2nc(N)nc(O)c2c1)c1ccc(S(=O)(=O)N(C)C)cc1,20300.0,Inactive,411.4870000000001,1.8077,2,7,4.692503962086787
CHEMBL433059,C#CCN(Cc1ccc2ncnc(O)c2c1)c1cc(OC)c(OC)c(OC)c1,66600.0,Inactive,379.41600000000017,3.001000000000001,1,7,4.176525770829699
CHEMBL304407,C#CCN(Cc1ccc2nc(N)nc(O)c2c1)c1ccc(C(=O)C(F)(F)F)cc1,10200.0,Inactive,400.36,3.3024000000000013,2,6,4.991399828238082
CHEMBL62675,C#CCN(Cc1ccc2nc(N)nc(O)c2c1)c1ccc(C#N)cc1,66600.0,Inactive,329.363,2.429080000000001,2,6,4.176525770829699
CHEMBL62769,C#CCN(Cc1ccc2nc(N)nc(O)c2c1)c1ccc([N+](=O)[O-])cc1,22600.0,Inactive,349.35,2.4656,2,7,4.645891560852599
CHEMBL64215,C#CCN(Cc1ccc2ncnc(O)c2c1)c1ccc(C(C)=O)cc1,100000.0,Inactive,331.37500000000006,3.1778000000000013,1,5,4.0
CHEMBL62599,C#CCN(Cc1ccc2nc(N)nc(O)c2c1)c1ccc(C(C)=O)cc1,37300.0,Inactive,346.39000000000004,2.7600000000000016,2,6,4.428291168191312
CHEMBL417562,C#CCN(Cc1ccc2nc(N)nc(O)c2c1)c1ccc(C(N)=O)cc1,72600.0,Inactive,347.37800000000004,1.6563,3,6,4.139063379299906
CHEMBL62697,COc1cc(NCc2ccc3ncnc(O)c3c2)cc(OC)c1OC,63300.0,Inactive,341.36700000000013,2.973300000000001,2,7,4.198596289982645
CHEMBL223279,Nc1nc(N)c2c(CCCc3ccc(C(=O)N[C@@H](CCC(=O)O)C(=O)O)cc3)coc2n1,9000.0,Intermediate,441.4440000000002,1.6102999999999996,5,8,5.045757490560675
CHEMBL192632,Nc1nc2[nH]c(CCCc3ccc(C(=O)N[C@@H](CCC(=O)O)C(=O)O)cc3)cc2c(=O)[nH]1,24000.0,Inactive,441.4440000000002,1.0565000000000002,6,6,4.619788758288394
CHEMBL193275,Nc1nc(N)c2c(CCCCc3ccc(C(=O)N[C@@H](CCC(=O)O)C(=O)O)cc3)coc2n1,21000.0,Inactive,455.4710000000002,2.0004000000000004,5,8,4.6777807052660805
CHEMBL365307,Nc1nc2[nH]c(CCCCc3ccc(C(=O)N[C@@H](CCC(=O)O)C(=O)O)cc3)cc2c(=O)[nH]1,20000.0,Inactive,455.4710000000002,1.4465999999999997,6,6,4.698970004336019
CHEMBL195221,CN(CC1=NC2C(=NC(N)=NC2N)C=C1)c1ccc(C(=O)NC(CCC(=O)O)C(=O)O)cc1,2200000.0,Inactive,455.47500000000025,-0.3958999999999963,5,9,2.657577319177794
CHEMBL370992,Cc1[nH]c2nc(N)nc(O)c2c1Sc1cccc(Cl)c1,32000.0,Inactive,306.778,3.358720000000001,3,5,4.494850021680094
CHEMBL370639,Cc1[nH]c2nc(N)nc(O)c2c1Sc1ccc(F)cc1,32000.0,Inactive,290.32300000000004,2.8444200000000004,3,5,4.494850021680094
CHEMBL195782,Cc1[nH]c2nc(N)nc(O)c2c1Sc1ccc(Br)cc1,28000.0,Inactive,351.22900000000004,3.467820000000001,3,5,4.552841968657781
CHEMBL364453,Cc1[nH]c2nc(N)nc(O)c2c1Sc1ccc(C(F)(F)F)cc1,29000.0,Inactive,340.33000000000004,3.724120000000001,3,5,4.537602002101044
CHEMBL195867,Cc1[nH]c2nc(N)nc(O)c2c1Sc1ccc(C#N)cc1,34000.0,Inactive,297.3430000000001,2.577,3,6,4.468521082957745
CHEMBL372371,Cc1[nH]c2nc(N)nc(O)c2c1Sc1ccc(Br)c(Cl)c1,26000.0,Inactive,385.6740000000001,4.121220000000001,3,5,4.585026652029182
CHEMBL370106,Cc1[nH]c2nc(N)nc(O)c2c1Sc1ccc(F)c(Cl)c1,31000.0,Inactive,324.76800000000003,3.497820000000001,3,5,4.508638306165727
CHEMBL371913,Cc1[nH]c2nc(N)nc(O)c2c1Sc1ccc(F)c(F)c1,32000.0,Inactive,308.31300000000005,2.9835200000000004,3,5,4.494850021680094
CHEMBL196706,Cc1[nH]c2nc(N)nc(O)c2c1Sc1cc(F)cc(F)c1,32000.0,Inactive,308.31300000000005,2.9835200000000004,3,5,4.494850021680094
CHEMBL195874,Cc1[nH]c2nc(N)nc(O)c2c1Sc1cc(C(F)(F)F)cc(C(F)(F)F)c1,25000.0,Inactive,408.32700000000006,4.742920000000002,3,5,4.6020599913279625
CHEMBL225180,Cc1[nH]c2nc(N)[nH]c(=O)c2c1Sc1ccc(C(=O)N[C@@H](CCC(=O)O)C(=O)O)cc1,2100.0,Intermediate,445.4570000000002,1.3408199999999997,6,7,5.6777807052660805
CHEMBL371860,CCc1[nH]c2nc(N)nc(O)c2c1Sc1ccc(C(=O)N[C@@H](CCC(=O)O)C(=O)O)cc1,420.0,Active,459.48400000000026,2.0071000000000003,6,8,6.376750709602099
CHEMBL211454,Nc1nc(N)c(-c2ccc(NC(=O)NCCc3ccccc3)cc2)c(COCc2ccccc2)n1,10000.0,Inactive,468.5610000000002,4.389000000000004,4,6,5.0
CHEMBL211211,Nc1nc(N)c(-c2ccc(NC(=O)Nc3ccccc3)cc2)c(COCc2ccccc2)n1,10000.0,Inactive,440.5070000000002,4.668800000000004,4,6,5.0
CHEMBL212761,CC(C)(C)NC(=O)Nc1ccc(-c2c(N)nc(N)nc2COCc2ccccc2)cc1,100000.0,Inactive,420.51700000000017,3.9448000000000016,4,6,4.0
CHEMBL212354,CC(C)NC(=O)Nc1ccc(-c2c(N)nc(N)nc2COCc2ccccc2)cc1,10000.0,Inactive,406.4900000000002,3.554700000000002,4,6,5.0
CHEMBL213704,Nc1nc(N)c(-c2ccc(NC(=O)Cc3ccccc3)cc2)c(COCc2ccccc2)n1,10000.0,Inactive,439.5190000000002,4.206000000000003,3,6,5.0
CHEMBL412362,Nc1nc(N)c(-c2ccc(NC(=O)Cc3ccsc3Br)cc2)c(COCc2ccccc2)n1,10000.0,Inactive,524.4440000000002,5.030000000000003,3,7,5.0
CHEMBL379191,Nc1nc(N)c(-c2ccc(NC(=O)C3CCCC3)cc2)c(COCc2ccccc2)n1,10000.0,Inactive,417.51300000000015,4.153500000000004,3,6,5.0
CHEMBL211265,Nc1nc(N)c(-c2ccc(NC(=O)C3CC3)cc2)c(COCc2ccccc2)n1,28000.0,Inactive,389.4590000000001,3.373300000000002,3,6,4.552841968657781
CHEMBL209394,CCc1nc(N)nc(N)c1-c1ccc2c(c1)nc(-c1ccccc1)n2Cc1ccc(S(C)(=O)=O)cc1,2300.0,Intermediate,498.61200000000025,4.338900000000003,2,8,5.638272163982407
CHEMBL425048,Nc1nc(N)c(-c2ccc(NCc3ccc(Cl)cc3)cc2)c(COCc2ccccc2)n1,300.0,Active,445.9540000000002,5.290300000000004,3,6,6.522878745280337
CHEMBL209443,CCc1nc(N)nc(N)c1-c1ccc2c(c1)nc(C1CCCC1)n2Cc1ccc(S(C)(=O)=O)cc1,1830.0,Intermediate,490.6330000000004,4.329500000000004,2,8,5.73754891026957
CHEMBL203280,CCc1nc(N)nc(N)c1-c1ccc(NCc2ccc(S(C)(=O)=O)cc2)cc1,10.0,Active,397.5040000000001,2.886000000000002,3,7,8.0
CHEMBL224868,Cc1[nH]c2nc(N)[nH]c(=O)c2c1Sc1ccc(C(=O)N[C@@H](CCC(=O)O)C(=O)O)c(Cl)c1,11000.0,Inactive,479.9020000000002,1.99422,6,7,4.958607314841775
CHEMBL388340,Cc1[nH]c2nc(N)[nH]c(=O)c2c1Sc1ccc(C(=O)N[C@@H](CCC(=O)O)C(=O)O)c(F)c1,2100.0,Intermediate,463.4470000000002,1.4799199999999997,6,7,5.6777807052660805
CHEMBL374172,Nc1nc2[nH]cc(CCCc3ccc(C(=O)N[C@@H](CCC(=O)O)C(=O)O)cc3)c2c(=O)[nH]1,21000.0,Inactive,441.4440000000002,1.056499999999999,6,6,4.6777807052660805
CHEMBL389643,Cc1c(Sc2ccc(C(=O)N[C@@H](CCC(=O)O)C(=O)O)cc2)[nH]c2nc(N)nc(N)c12,210.0,Active,444.4730000000001,1.6297199999999994,6,8,6.6777807052660805
CHEMBL225071,Cc1nc(=O)c2cc(CN(C)c3ccc(C(=O)N[C@@H](CCC(=O)O)C(=O)O)s3)ccc2[nH]1,21000.0,Inactive,458.4960000000002,1.9772199999999995,4,7,4.6777807052660805
CHEMBL224974,Cc1c(Sc2ccc(C(=O)N[C@@H](CCC(=O)O)C(=O)O)cc2)[nH]c2nc(N)[nH]c(=O)c12,240000.0,Inactive,445.4570000000001,1.3408199999999997,6,7,3.619788758288394
CHEMBL227064,CCc1c(Sc2c(C)cccc2C)[nH]c2nc(N)nc(N)c12,32000.0,Inactive,313.43000000000006,3.4527399999999995,3,5,4.494850021680094
CHEMBL227063,CCc1c(Sc2cccc3cccnc23)[nH]c2nc(N)nc(N)c12,1400.0,Intermediate,336.4240000000001,3.3841,3,6,5.853871964321762
CHEMBL389686,CCc1c(Sc2ccccc2)[nH]c2nc(N)nc(N)c12,18000.0,Inactive,285.37600000000003,2.8359,3,5,4.7447274948966935
CHEMBL227009,CCc1c(Sc2cc(OC)ccc2OC)[nH]c2nc(N)nc(N)c12,5800.0,Intermediate,345.4280000000001,2.8530999999999995,3,7,5.236572006437063
CHEMBL388121,CCc1c(Sc2ccc(OC)cc2)[nH]c2nc(N)nc(N)c12,2900.0,Intermediate,315.40200000000004,2.844499999999999,3,6,5.537602002101044
CHEMBL388120,CCc1c(Sc2ccc(Cl)cc2Cl)[nH]c2nc(N)nc(N)c12,1400.0,Intermediate,354.26600000000013,4.142700000000001,3,5,5.853871964321762
CHEMBL227007,CCc1c(Sc2ccc(Cl)c(Cl)c2)[nH]c2nc(C)nc(N)c12,2800.0,Intermediate,353.27800000000013,4.868920000000002,2,4,5.552841968657781
CHEMBL226954,CCc1c(Sc2ccc(Br)cc2)[nH]c2nc(N)nc(N)c12,2700.0,Intermediate,364.2720000000001,3.5984000000000007,3,5,5.568636235841013
CHEMBL389887,CCc1c(Sc2ccc([N+](=O)[O-])cc2)[nH]c2nc(N)nc(N)c12,5800.0,Intermediate,330.3730000000001,2.7441,3,7,5.236572006437063
CHEMBL226953,CCc1c(Sc2ccc3ccccc3c2)[nH]c2nc(N)nc(N)c12,6000.0,Intermediate,335.4360000000001,3.9891000000000014,3,5,5.221848749616356
CHEMBL226952,CCc1c(Sc2cccc3ccccc23)[nH]c2nc(N)nc(N)c12,2900.0,Intermediate,335.4360000000001,3.9891000000000014,3,5,5.537602002101044
CHEMBL438664,CCc1c(Sc2ccc(C(=O)N[C@@H](CCC(=O)O)C(=O)O)cc2)[nH]c2nc(N)nc(N)c12,66.0,Active,458.5000000000001,1.8837,6,8,7.180456064458132
CHEMBL227010,CCc1c(Sc2cccc(OC)c2)[nH]c2nc(N)nc(N)c12,32000.0,Inactive,315.40200000000004,2.8445,3,6,4.494850021680094
CHEMBL227008,CCc1c(Sc2c(Cl)cccc2Cl)[nH]c2nc(N)nc(N)c12,28000.0,Inactive,354.26600000000013,4.142700000000001,3,5,4.552841968657781
CHEMBL226955,CCc1c(Sc2ccc(Cl)cc2)[nH]c2nc(N)nc(N)c12,31000.0,Inactive,319.8210000000001,3.489300000000001,3,5,4.508638306165727
CHEMBL387901,CCc1c(Sc2cccc(Cl)c2)[nH]c2nc(N)nc(N)c12,31000.0,Inactive,319.8210000000001,3.4893,3,5,4.508638306165727
CHEMBL244883,CN(Cc1cnc2nc(N)nc(N)c2n1)c1ccc(C(=O)N[C@@H](CCC(=O)NO)C(=O)O)cc1,170.0,Active,469.4620000000002,-0.3107999999999984,6,11,6.769551078621726
CHEMBL388879,CN(Cc1cnc2nc(N)nc(N)c2n1)c1ccc(C(=O)N[C@@H](CCC(=O)N2CCC[C@H]2C(=O)NO)C(=O)O)cc1,130.0,Active,566.5790000000004,-0.3197999999999954,6,12,6.886056647693163
CHEMBL396296,CN(Cc1cnc2nc(N)nc(N)c2n1)c1ccc(C(=O)N[C@@H](CCC(=O)N[C@@H](Cc2ccccc2)C(=O)NO)C(=O)O)cc1,250.0,Active,616.6390000000004,0.4167000000000039,7,12,6.6020599913279625
CHEMBL389051,C#CCN(Cc1ccc2[nH]c(N)nc(=O)c2c1)c1ccc(C(=O)N[C@@H](CCC(=O)O)C(=O)O)cc1,1900.0,Intermediate,477.4770000000002,1.1929,5,7,5.721246399047171
CHEMBL429308,Cc1cc2nc(N)[nH]c(=O)c2n1Cc1ccc(Cl)c(Cl)c1,32000.0,Inactive,323.1830000000001,2.970320000000001,2,4,4.494850021680094
CHEMBL253796,Cc1cc2nc(N)[nH]c(=O)c2n1Cc1cc(Br)cc(Br)c1,24000.0,Inactive,412.085,3.1885200000000005,2,4,4.619788758288394
CHEMBL401074,Cc1cc2nc(N)[nH]c(=O)c2n1Cc1cc(Cl)cc(Cl)c1,31000.0,Inactive,323.183,2.970320000000001,2,4,4.508638306165727
CHEMBL253795,Cc1cc2nc(N)[nH]c(=O)c2n1Cc1ccc(OC(F)(F)F)cc1,35000.0,Inactive,338.289,2.562120000000001,2,5,4.455931955649724
CHEMBL253581,COc1ccc(Cn2c(C)cc3nc(N)[nH]c(=O)c32)cc1,35000.0,Inactive,284.319,1.6721199999999998,2,5,4.455931955649724
CHEMBL401073,Cc1cc2nc(N)[nH]c(=O)c2n1Cc1ccc([N+](=O)[O-])cc1,33000.0,Inactive,299.2900000000001,1.5717199999999998,2,6,4.481486060122112
CHEMBL252338,Cc1cc2nc(N)[nH]c(=O)c2n1Cc1ccc(Br)cc1,35000.0,Inactive,333.189,2.4260200000000003,2,4,4.455931955649724
CHEMBL252134,Cc1cc2nc(N)[nH]c(=O)c2n1Cc1ccc(Cl)cc1,35000.0,Inactive,288.73800000000006,2.3169200000000005,2,4,4.455931955649724
CHEMBL446714,Cc1cc2nc(N)[nH]c(=O)c2n1Cc1ccc(F)cc1,37000.0,Inactive,272.283,1.80262,2,4,4.431798275933005
CHEMBL252133,Cc1cc2nc(N)[nH]c(=O)c2n1Cc1ccncc1,37000.0,Inactive,255.28100000000003,1.05852,2,5,4.431798275933005
CHEMBL400304,Cc1cc2nc(N)[nH]c(=O)c2n1Cc1ccccc1,39000.0,Inactive,254.29300000000003,1.66352,2,4,4.4089353929735005
CHEMBL252132,Cc1cc2nc(N)[nH]c(=O)c2n1Cc1ccc(C(=O)N[C@@H](CCC(=O)O)C(=O)O)cc1,120.0,Active,427.4170000000002,0.7113199999999998,5,7,6.920818753952375
CHEMBL400485,Cc1[nH]c2nc(N)[nH]c(=O)c2c1Sc1ccc(Cl)c(Cl)c1,62000.0,Inactive,341.22300000000007,3.599820000000001,3,4,4.207608310501746
CHEMBL400364,Cc1[nH]c2nc(N)[nH]c(=O)c2c1Sc1ccc([N+](=O)[O-])cc1,54000.0,Inactive,317.33000000000004,2.20122,3,6,4.267606240177032
CHEMBL253976,C[C@H](Oc1cccc2nc(N)nc(N)c12)c1cccc(Cl)c1,25.0,Active,314.77599999999995,3.587600000000001,2,5,7.602059991327962
CHEMBL398416,CC(Oc1cccc2nc(N)nc(N)c12)c1cccc(Cl)c1,34.0,Active,314.77599999999995,3.587600000000001,2,5,7.468521082957745
CHEMBL250231,Nc1nc(N)c2c(OCc3cccc(Cl)c3)cccc2n1,98000.0,Inactive,300.749,3.026600000000002,2,5,4.008773924307505
CHEMBL251428,Nc1nc(N)c2c(COc3ccc(F)cc3F)cccc2n1,10700.0,Inactive,302.284,2.6514000000000006,2,5,4.97061622231479
CHEMBL251906,Nc1nc(N)c2c(COc3ccccc3F)cccc2n1,39.0,Active,284.29400000000004,2.5123000000000006,2,5,7.4089353929735005
CHEMBL255019,Nc1nc(N)c2c(COc3cccc(Cl)c3)cccc2n1,8400.0,Intermediate,300.749,3.026600000000002,2,5,5.075720713938118
CHEMBL251427,Nc1nc(N)c2c(OCc3ccccc3F)cccc2n1,0.39,Active,284.29400000000004,2.5123000000000006,2,5,9.4089353929735
CHEMBL251429,Nc1nc(N)c2c(OCC3CCN(Cc4ccccc4F)CC3)cccc2n1,125000.0,Inactive,381.4550000000001,3.2243000000000013,2,6,3.903089986991944
CHEMBL251434,Nc1nc(N)c2c(OCC3CCN(S(=O)(=O)c4ccccc4F)CC3)cccc2n1,125000.0,Inactive,431.4930000000001,2.4130000000000003,2,7,3.903089986991944
CHEMBL250075,Nc1nc(N)c2c(OCC3CCN(C(=O)c4ccccc4Cl)CC3)cccc2n1,125000.0,Inactive,411.89300000000014,3.378800000000002,2,6,3.903089986991944
CHEMBL413990,Nc1nc(N)c2c(OCC3CCN(C(=O)c4cccc(Cl)c4)CC3)cccc2n1,125000.0,Inactive,411.89300000000014,3.378800000000002,2,6,3.903089986991944
CHEMBL251430,Nc1nc(N)c2c(OCC3CCN(Cc4cccc(Cl)c4)CC3)cccc2n1,55200.0,Inactive,397.9100000000001,3.7386000000000026,2,6,4.2580609222708015
CHEMBL449543,Cc1sc2nc(N)[nH]c(=O)c2c1Sc1ccc(F)cc1,2600.0,Intermediate,307.375,3.1655200000000008,2,5,5.585026652029182
CHEMBL495125,Cc1sc2nc(N)[nH]c(=O)c2c1Sc1ccncc1,2500.0,Intermediate,290.373,2.4214200000000003,2,6,5.6020599913279625
CHEMBL495124,Cc1sc2nc(N)[nH]c(=O)c2c1Sc1ccc2ccccc2c1,2900.0,Intermediate,339.44500000000005,4.179620000000002,2,5,5.537602002101044
CHEMBL492839,Cc1sc2nc(N)[nH]c(=O)c2c1Sc1cc(Cl)cc(Cl)c1,5600.0,Intermediate,358.2750000000001,4.333220000000002,2,5,5.251811972993799
CHEMBL492838,Cc1sc2nc(N)[nH]c(=O)c2c1Sc1ccc(Cl)c(Cl)c1,2800.0,Intermediate,358.2750000000001,4.333220000000002,2,5,5.552841968657781
CHEMBL492837,COc1ccc(OC)c(Sc2c(C)[nH]c3nc(N)[nH]c(=O)c23)c1,22000.0,Inactive,332.38500000000005,2.3102199999999997,3,6,4.657577319177793
CHEMBL492836,Cc1sc2nc(N)[nH]c(=O)c2c1Sc1ccc([N+](=O)[O-])cc1,560.0,Active,334.38200000000006,2.9346200000000007,2,7,6.251811972993799
CHEMBL522517,Cc1sc2nc(N)[nH]c(=O)c2c1Sc1ccc(Cl)cc1,1500.0,Intermediate,323.83000000000004,3.679820000000001,2,5,5.823908740944319
CHEMBL494067,Cc1sc2nc(N)[nH]c(=O)c2c1Sc1ccccc1,3500.0,Intermediate,289.385,3.0264200000000008,2,5,5.455931955649724
CHEMBL522363,Cc1sc2nc(N)[nH]c(=O)c2c1Sc1ccc(C(=O)N(CCC(=O)O)C(=O)O)cc1,20.0,Active,448.48200000000026,2.62132,4,8,7.698970004336019
CHEMBL219624,COc1cc(CC#Cc2cnc(N)nc2N)cc(OC)c1OC,1460.0,Intermediate,314.3450000000001,1.261,2,7,5.835647144215563
CHEMBL220159,COc1cc(CC#Cc2c(C)nc(N)nc2N)cc(OC)c1OC,400.0,Active,328.37200000000007,1.5694199999999998,2,7,6.3979400086720375
CHEMBL219889,COc1cc(C(C)C#Cc2cnc(N)nc2N)cc(OC)c1OC,1460.0,Intermediate,328.37200000000007,1.822,2,7,5.835647144215563
CHEMBL384443,COc1cc(C(O)C#Cc2cnc(N)nc2N)cc(OC)c1OC,14300.0,Inactive,330.3440000000001,0.7518999999999999,3,8,4.844663962534939
CHEMBL220936,COc1cc(C(C#Cc2cnc(N)nc2N)OC)cc(OC)c1OC,1160.0,Intermediate,344.3710000000001,1.406,2,8,5.935542010773082
CHEMBL222461,COc1cc(C(C)C#Cc2c(C)nc(N)nc2N)cc(OC)c1OC,1380.0,Intermediate,342.3990000000001,2.13042,2,7,5.860120913598763
CHEMBL221172,COc1cc(C(O)C#Cc2c(C)nc(N)nc2N)cc(OC)c1OC,5710.0,Intermediate,344.3710000000001,1.06032,3,8,5.243363891754152
CHEMBL220937,COc1cc(C(C#Cc2c(C)nc(N)nc2N)OC)cc(OC)c1OC,1220.0,Intermediate,358.39800000000014,1.7144199999999998,2,8,5.913640169325252
CHEMBL521055,COc1ccc(OC)c(CC#Cc2cnc(N)nc2N)c1,3200.0,Intermediate,284.319,1.2524,2,6,5.494850021680094
CHEMBL485960,COc1ccc(OC)c(CC#Cc2c(C)nc(N)nc2N)c1,1300.0,Intermediate,298.346,1.5608199999999997,2,6,5.886056647693163
CHEMBL485961,CCc1nc(N)nc(N)c1C#CCc1cc(OC)ccc1OC,1280.0,Intermediate,312.37300000000005,1.8148,2,6,5.892790030352131
CHEMBL485962,CCCc1nc(N)nc(N)c1C#CCc1cc(OC)ccc1OC,1180.0,Intermediate,326.40000000000003,2.2049000000000003,2,6,5.928117992693875
CHEMBL485959,CCc1nc(N)nc(N)c1C#CCc1cc(OC)c(OC)c(OC)c1,57.0,Active,342.3990000000001,1.8234,2,7,7.244125144327507
CHEMBL486570,CCc1nc(N)nc(N)c1C#CCc1cccc(OC)c1OC,130.0,Active,312.3730000000001,1.8148,2,6,6.886056647693163
CHEMBL501263,CCc1nc(N)nc(N)c1C#CCc1ccccc1,360.0,Active,252.32100000000003,1.7976,2,4,6.443697499232712
CHEMBL476400,Nc1nc(N)c2c(n1)CCC(CNc1ccc(C(=O)NC(CCC(=O)O)C(=O)O)cc1)N2,560.0,Active,443.46400000000017,0.5276000000000007,7,9,6.251811972993799
CHEMBL476401,C=CCN1c2c(N)nc(N)nc2CCC1CNc1ccc(C(=O)NC(CCC(=O)O)C(=O)O)cc1,1408.0,Intermediate,483.5290000000002,1.1081000000000003,6,9,5.851397345193907
CHEMBL477640,C=CCN1c2c(N)nc(N)nc2CCC1CNc1ccc(C(=O)NC(CCC(=O)O)C(=O)O)cc1Br,2370.0,Intermediate,562.4250000000002,1.8706000000000005,6,9,5.6252516539898965
CHEMBL477641,Nc1nc(N)c2c(n1)CCC(CNc1ccc(C(=O)NC(CCC(=O)O)C(=O)O)cc1Br)N2CC(Br)CBr,9340.0,Intermediate,722.2330000000001,2.843000000000001,6,9,5.029653123769907
CHEMBL477028,C=CCN(CC1CCc2nc(N)nc(N)c2N1CC=C)c1ccc(C(=O)NC(CCC(=O)O)C(=O)O)cc1,2150.0,Intermediate,523.5940000000003,1.6886000000000008,5,9,5.667561540084395
CHEMBL442828,O=C1N/C=C/c2cc(Br)c(c(Br)c2)Oc2cc(cc(Br)c2O)CCNC(=O)/C(=N/O)Cc2ccc(c(Br)c2)Oc2cc(cc(Br)c2O)C/C1=N\O,2.5,Active,1017.1139999999998,8.699700000000004,6,10,8.602059991327963
CHEMBL223301,COc1cc([C@@H](C)C#Cc2c(C)nc(N)nc2N)cc(OC)c1OC,1380.0,Intermediate,342.3990000000001,2.13042,2,7,5.860120913598763
CHEMBL520358,COc1cc(-c2ccccc2)cc(C(C)C#Cc2c(C)nc(N)nc2N)c1,1700.0,Intermediate,358.4450000000001,3.780220000000001,2,5,5.769551078621726
CHEMBL485569,COc1cc(-c2ccccc2C)cc(C(C)C#Cc2c(C)nc(N)nc2N)c1,1360.0,Intermediate,372.4720000000001,4.088640000000002,2,5,5.866461091629782
CHEMBL457725,COc1cc(-c2c(C)cccc2C)cc(C(C)C#Cc2c(C)nc(N)nc2N)c1,1250.0,Intermediate,386.49900000000014,4.3970600000000015,2,5,5.903089986991944
CHEMBL457726,COc1cc(-c2c(C(C)C)cccc2C(C)C)cc(C(C)C#Cc2c(C)nc(N)nc2N)c1,7200.0,Intermediate,442.60700000000026,6.027020000000005,2,5,5.142667503568732
CHEMBL457905,COc1cc(C(C)C#Cc2c(C)nc(N)nc2N)ccc1-c1ccccc1,1420.0,Intermediate,358.44500000000005,3.780220000000001,2,5,5.847711655616943
CHEMBL457906,COc1cc(C(C)C#Cc2c(C)nc(N)nc2N)ccc1-c1ccccc1C,2770.0,Intermediate,372.4720000000001,4.088640000000002,2,5,5.557520230935552
CHEMBL458817,COc1cc(C(C)C#Cc2c(C)nc(N)nc2N)ccc1-c1c(C)cccc1C,3370.0,Intermediate,386.49900000000014,4.397060000000002,2,5,5.4723700991286615
CHEMBL458829,COc1cc(C(C)C#Cc2c(C)nc(N)nc2N)ccc1-c1c(C(C)C)cccc1C(C)C,4200.0,Intermediate,442.6070000000002,6.027020000000005,2,5,5.376750709602099
CHEMBL459177,COc1cc(-c2ccccc2)cc([C@@H](C)C#Cc2c(C)nc(N)nc2N)c1,1360.0,Intermediate,358.4450000000001,3.780220000000001,2,5,5.866461091629782
CHEMBL459178,COc1cc(-c2ccccc2)cc([C@H](C)C#Cc2c(C)nc(N)nc2N)c1,1380.0,Intermediate,358.4450000000001,3.780220000000001,2,5,5.860120913598763
CHEMBL514219,CCCc1c(Sc2c(Cl)cccc2Cl)[nH]c2nc(N)nc(N)c12,2600.0,Intermediate,368.2930000000001,4.532800000000002,3,5,5.585026652029182
CHEMBL477151,CC(C)c1c(Sc2ccc(Cl)c(Cl)c2)[nH]c2nc(N)nc(N)c12,27000.0,Inactive,368.2930000000001,4.7037,3,5,4.568636235841013
CHEMBL477150,CC(C)c1c(Sc2ccc3ccccc3c2)[nH]c2nc(N)nc(N)c12,29000.0,Inactive,349.46300000000014,4.550100000000003,3,5,4.537602002101044
CHEMBL476945,CC(C)c1c(Sc2cccc3ccccc23)[nH]c2nc(N)nc(N)c12,29000.0,Inactive,349.46300000000014,4.550100000000003,3,5,4.537602002101044
CHEMBL477566,COc1ccc(Sc2[nH]c3nc(N)nc(N)c3c2C(C)C)cc1OC,27000.0,Inactive,359.4550000000001,3.414100000000001,3,7,4.568636235841013
CHEMBL516128,COc1ccc(OC)c(Sc2[nH]c3nc(N)nc(N)c3c2C(C)C)c1,28000.0,Inactive,359.4550000000001,3.414100000000001,3,7,4.552841968657781
CHEMBL478404,COc1ccc(Sc2[nH]c3nc(N)nc(N)c3c2C(C)C)cc1,30000.0,Inactive,329.4290000000001,3.405500000000001,3,6,4.522878745280337
CHEMBL478403,CC(C)c1c(Sc2ccccc2)[nH]c2nc(N)nc(N)c12,16000.0,Inactive,299.4030000000001,3.3969000000000005,3,5,4.795880017344075
CHEMBL478192,Cc1cccc(C)c1Sc1[nH]c2nc(N)nc(N)c2c1C(C)C,30000.0,Inactive,327.4570000000001,4.013740000000001,3,5,4.522878745280337
CHEMBL478191,CC(C)c1c(Sc2c(Cl)cccc2Cl)[nH]c2nc(N)nc(N)c12,26000.0,Inactive,368.2930000000001,4.703700000000002,3,5,4.585026652029182
CHEMBL478213,CCCc1c(Sc2ccc3ccccc3c2)[nH]c2nc(N)nc(N)c12,15000.0,Inactive,349.46300000000014,4.379200000000002,3,5,4.823908740944319
CHEMBL515312,CCCc1c(Sc2cccc3ccccc23)[nH]c2nc(N)nc(N)c12,29000.0,Inactive,349.46300000000014,4.379200000000002,3,5,4.537602002101044
CHEMBL476745,CCCc1c(Sc2ccc(OC)c(OC)c2)[nH]c2nc(N)nc(N)c12,26000.0,Inactive,359.4550000000001,3.2432,3,7,4.585026652029182
CHEMBL476744,CCCc1c(Sc2cc(OC)ccc2OC)[nH]c2nc(N)nc(N)c12,28000.0,Inactive,359.4550000000001,3.243199999999999,3,7,4.552841968657781
CHEMBL477790,CCCc1c(Sc2ccc(OC)cc2)[nH]c2nc(N)nc(N)c12,30000.0,Inactive,329.42900000000014,3.2345999999999995,3,6,4.522878745280337
CHEMBL516891,CCCc1c(Sc2ccccc2)[nH]c2nc(N)nc(N)c12,33000.0,Inactive,299.4030000000001,3.226,3,5,4.481486060122112
CHEMBL477789,CCCc1c(Sc2c(C)cccc2C)[nH]c2nc(N)nc(N)c12,3000.0,Intermediate,327.4570000000001,3.8428400000000007,3,5,5.522878745280337
CHEMBL1201794,Cc1cc2nc3c(=O)[nH]c(=O)nc-3n(C[C@H](O)[C@H](O)[C@H](O)COP(=O)(O)O)c2cc1C,325000.0,Inactive,456.3480000000002,-1.6065599999999995,6,10,3.4881166390211256
CHEMBL540217,COc1cc(Cc2cnc(N)nc2N)cc(/C=C/C(=O)N2N=Cc3ccccc3C2c2ccccc2)c1OCCN1CCOCC1,21000.0,Inactive,619.7259999999998,3.9303000000000026,2,10,4.6777807052660805
CHEMBL559830,COc1cc(Cc2cnc(N)nc2N)cc(/C=C/C(=O)N2N=Cc3ccccc3C2c2ccc(CO)cc2)c1O,24000.0,Inactive,536.5920000000003,3.4172000000000016,4,9,4.619788758288394
CHEMBL537959,COc1cc(Cc2cnc(N)nc2N)cc(/C=C/C(=O)N2N=Cc3ccccc3C2c2ccccc2CN(C)C)c1OC,42000.0,Inactive,577.6890000000002,4.289500000000003,2,9,4.376750709602099
CHEMBL539445,COc1ncc(C2c3ccccc3C=NN2C(=O)/C=C/c2cc(Cc3cnc(N)nc3N)cc(OC)c2OC)c(OC)n1,22000.0,Inactive,582.6210000000002,3.035100000000001,2,12,4.657577319177793
CHEMBL537958,COc1cc(Cc2cnc(N)nc2N)cc(/C=C/C(=O)N2N=Cc3ccccc3C2c2ccc(CO)cc2)c1OC,23000.0,Inactive,550.6190000000003,3.720200000000002,3,9,4.638272163982407
CHEMBL550083,COc1cc(Cc2cnc(N)nc2N)cc(/C=C/C(=O)N2N=Cc3ccccc3C2c2ccc(C)cc2)c1OC,19000.0,Inactive,534.6200000000002,4.536320000000004,2,8,4.721246399047171
CHEMBL551038,COc1cc(Cc2cnc(N)nc2N)cc(/C=C/C(=O)N2N=Cc3ccccc3C2C2CCCCC2)c1OC,19000.0,Inactive,526.6410000000004,4.7599000000000045,2,8,4.721246399047171
CHEMBL561644,COc1cc(Cc2cnc(N)nc2N)cc(/C=C/C(=O)N2N=Cc3ccccc3C2C2CCCC2)c1OC,22000.0,Inactive,512.6140000000004,4.369800000000003,2,8,4.657577319177793
CHEMBL565020,COc1cc(Cc2cnc(N)nc2N)cc(/C=C/C(=O)N2N=Cc3ccccc3C2c2ccccc2)c1OC,16000.0,Inactive,520.5930000000002,4.227900000000003,2,8,4.795880017344075
CHEMBL565059,COC(=O)C(C)(C)C1c2ccccc2C=NN1C(=O)/C=C/c1cc(Cc2cnc(N)nc2N)cc(OC)c1OC,813000.0,Inactive,544.6120000000003,3.378800000000001,2,10,3.089909454405932
CHEMBL549882,COc1cc(Cc2cnc(N)nc2N)cc(/C=C/C(=O)N2N=Cc3ccccc3C2CCCO)c1OC,25000.0,Inactive,502.57500000000033,2.9521000000000006,3,9,4.6020599913279625
CHEMBL562228,CCCCC1c2ccccc2C=NN1C(=O)/C=C/c1cc(Cc2cnc(N)nc2N)cc(OC)c1OC,20000.0,Inactive,500.6030000000004,4.3698000000000015,2,8,4.698970004336019
CHEMBL560502,CCCC1c2ccccc2C=NN1C(=O)/C=C/c1cc(Cc2cnc(N)nc2N)cc(O)c1OC,110000.0,Inactive,472.54900000000026,3.6767,3,8,3.958607314841775
CHEMBL560702,CCC1c2ccccc2C=NN1C(=O)/C=C/c1cc(Cc2cnc(N)nc2N)cc(OC)c1OC,27000.0,Inactive,472.5490000000003,3.589600000000001,2,8,4.568636235841013
CHEMBL564880,COc1cc(Cc2cnc(N)nc2N)cc(CCC(=O)N2N=Cc3ccccc3C2C)c1OC,28000.0,Inactive,460.5380000000002,3.118900000000001,2,8,4.552841968657781
CHEMBL551049,CCc1sc2nc(N)[nH]c(=O)c2c1Sc1ccc(C(=O)N[C@@H](CCC(=O)O)C(=O)O)cc1,19.0,Active,476.5360000000002,2.3282,5,8,7.721246399047171
CHEMBL550769,CCc1sc2nc(N)[nH]c(=O)c2c1Sc1ccccc1,2600.0,Intermediate,303.412,3.2804,2,5,5.585026652029182
CHEMBL564277,CCc1sc2nc(N)[nH]c(=O)c2c1Sc1ccc(Cl)cc1,300.0,Active,337.857,3.9338000000000015,2,5,6.522878745280337
CHEMBL564937,CCc1sc2nc(N)[nH]c(=O)c2c1Sc1ccc([N+](=O)[O-])cc1,260.0,Active,348.40900000000005,3.188600000000001,2,7,6.585026652029182
CHEMBL564004,CCc1sc2nc(N)[nH]c(=O)c2c1Sc1cc(OC)ccc1OC,840.0,Active,363.4640000000001,3.297600000000001,2,7,6.075720713938118
CHEMBL556091,CCc1sc2nc(N)[nH]c(=O)c2c1Sc1ccc(Cl)c(Cl)c1,290.0,Active,372.302,4.587200000000002,2,5,6.537602002101044
CHEMBL560912,CCc1sc2nc(N)[nH]c(=O)c2c1Sc1cc(Cl)cc(Cl)c1,280.0,Active,372.302,4.587200000000002,2,5,6.552841968657781
CHEMBL550296,CCc1sc2nc(N)[nH]c(=O)c2c1Sc1ccc2ccccc2c1,2200.0,Intermediate,353.47200000000004,4.433600000000002,2,5,5.657577319177793
CHEMBL550842,CCc1sc2nc(N)[nH]c(=O)c2c1Sc1ccncc1,350.0,Active,304.4,2.6754000000000007,2,6,6.455931955649724
CHEMBL538143,CCc1sc2nc(N)[nH]c(=O)c2c1Sc1ccc(F)cc1,620.0,Active,321.402,3.419500000000001,2,5,6.2076083105017466
CHEMBL565179,CCc1sc2nc(N)[nH]c(=O)c2c1Sc1ccc(Br)cc1,260.0,Active,382.308,4.042900000000002,2,5,6.585026652029182
CHEMBL551985,CCc1sc2nc(N)[nH]c(=O)c2c1Sc1cccc(Cl)c1,300.0,Active,337.857,3.9338000000000015,2,5,6.522878745280337
CHEMBL563212,CCc1sc2nc(N)[nH]c(=O)c2c1Sc1cc(OC)cc(OC)c1,540.0,Active,363.4640000000001,3.297600000000001,2,7,6.267606240177032
CHEMBL551768,CCc1sc2nc(N)[nH]c(=O)c2c1Sc1ccccc1Cl,600.0,Active,337.857,3.9338000000000015,2,5,6.221848749616356
CHEMBL574335,CCC(C#Cc1c(C)nc(N)nc1N)c1cc(OC)c(OC)c(OC)c1,200.0,Active,356.4260000000001,2.5205200000000003,2,7,6.698970004336019
CHEMBL582843,COc1cc(C(C#Cc2c(C)nc(N)nc2N)C(C)C)cc(OC)c1OC,290.0,Active,370.45300000000015,2.7665200000000008,2,7,6.537602002101044
CHEMBL575223,CCc1nc(N)nc(N)c1C#CC(C)c1cc(OC)c(OC)c(OC)c1,88.0,Active,356.42600000000016,2.3844000000000003,2,7,7.055517327849832
CHEMBL573880,COc1ccc(OC)c(C(O)C#Cc2c(C)nc(N)nc2N)c1,1200.0,Intermediate,314.345,1.05172,3,7,5.920818753952375
CHEMBL584390,COc1ccc(OC)c(C(C#Cc2c(C)nc(N)nc2N)OC)c1,60.0,Active,328.37200000000007,1.7058199999999997,2,7,7.221848749616356
CHEMBL574329,COc1ccc(OC)c(C(C)C#Cc2c(C)nc(N)nc2N)c1,400.0,Active,312.37300000000005,2.12182,2,6,6.3979400086720375
CHEMBL572485,COc1ccc(-c2cc(OC)cc(C(C)C#Cc3c(C)nc(N)nc3N)c2)cc1,180.0,Active,388.4710000000001,3.788820000000001,2,6,6.7447274948966935
CHEMBL574559,COc1cc(-c2ccccc2)cc(C(O)C#Cc2c(C)nc(N)nc2N)c1,2300.0,Intermediate,360.4170000000001,2.71012,3,6,5.638272163982407
CHEMBL572717,COc1cc(CC#Cc2c(C)nc(N)nc2N)cc(-c2c(C)cccc2C)c1,1580.0,Intermediate,372.4720000000001,3.8360600000000016,2,5,5.801342913045577
CHEMBL584391,COc1cc(-c2ccc(C)cc2)cc(C(C)C#Cc2c(C)nc(N)nc2N)c1,1410.0,Intermediate,372.47200000000015,4.088640000000002,2,5,5.85078088734462
CHEMBL575217,COc1cc(-c2cc(C)cc(C)c2)cc(C(C)C#Cc2c(C)nc(N)nc2N)c1,750.0,Active,386.49900000000014,4.397060000000002,2,5,6.1249387366083
CHEMBL578424,COc1cc(-c2ccc(C(C)(C)C)cc2)cc(C(C)C#Cc2c(C)nc(N)nc2N)c1,210.0,Active,414.5530000000002,5.077720000000003,2,5,6.6777807052660805
CHEMBL606039,COc1ccccc1/C(C)=C\c1coc2nc(N)nc(N)c12,1900.0,Intermediate,296.33000000000004,2.9563,2,6,5.721246399047171
CHEMBL603198,COc1ccccc1C(Cc1coc2nc(N)nc(N)c12)C1CC1,5010.0,Intermediate,324.38400000000007,3.1321000000000003,2,6,5.300162274132754
CHEMBL595757,COc1ccccc1C(Cc1coc2nc(N)nc(N)c12)C(C)C,5090.0,Intermediate,326.40000000000003,3.3781000000000008,2,6,5.293282217663241
CHEMBL594810,COc1ccccc1C(=Cc1coc2nc(=N)[nH]c(N)c12)C(C)C,6350.0,Intermediate,324.38400000000007,3.4227700000000016,3,5,5.197226274708024
CHEMBL603849,CCC(C)C(=Cc1coc2nc(=N)[nH]c(N)c12)c1ccccc1OC,8640.0,Intermediate,338.41100000000006,3.812870000000001,3,5,5.063486257521107
CHEMBL594320,COc1ccccc1C(=Cc1coc2nc(=N)[nH]c(N)c12)C1CC1,10200.0,Inactive,322.3680000000001,3.176770000000001,3,5,4.991399828238082
CHEMBL595497,CCCC(=Cc1coc2nc(=N)[nH]c(N)c12)c1ccccc1OC,12200.0,Inactive,324.38400000000007,3.5668700000000007,3,5,4.913640169325252
CHEMBL610181,COc1ccccc1/C(C)=C/c1coc2nc(N)nc(N)c12,16400.0,Inactive,296.33000000000004,2.9563,2,6,4.785156151952302
CHEMBL605413,CCCC(Cc1coc2nc(N)nc(N)c12)c1ccccc1OC,25900.0,Inactive,326.40000000000003,3.5222000000000016,2,6,4.586700235918748
CHEMBL604879,CCCCC(=Cc1coc2nc(=N)[nH]c(N)c12)c1ccccc1OC,33300.0,Inactive,338.41100000000006,3.956970000000002,3,5,4.47755576649368
CHEMBL594339,CCC(C)C(Cc1coc2nc(N)nc(N)c12)c1ccccc1OC,42100.0,Inactive,340.427,3.768200000000001,2,6,4.375717904164332
CHEMBL606362,COc1ccccc1C(Cc1coc2nc(N)nc(N)c12)CC(C)C,62700.0,Inactive,340.4270000000001,3.768200000000001,2,6,4.202732459169283
CHEMBL593154,COc1ccccc1C(=Cc1coc2nc(=N)[nH]c(N)c12)CC(C)C,86500.0,Inactive,338.4110000000001,3.812870000000002,3,5,4.062983892535186
CHEMBL594790,CCCCC(Cc1coc2nc(N)nc(N)c12)c1ccccc1OC,93900.0,Inactive,340.427,3.912300000000001,2,6,4.027334407733889
CHEMBL598090,COc1ccccc1Sc1oc2nc(N)nc(N)c2c1C,200000.0,Inactive,302.35900000000004,2.8554200000000005,2,7,3.6989700043360183
CHEMBL604722,Cc1c(Sc2c(F)c(F)c(C(F)(F)F)c(F)c2F)oc2nc(N)nc(N)c12,200000.0,Inactive,412.2900000000001,4.422019999999999,2,6,3.6989700043360183
CHEMBL597885,COc1ccc(Sc2oc3nc(N)nc(N)c3c2C)cc1,200000.0,Inactive,302.35900000000004,2.8554200000000005,2,7,3.6989700043360183
CHEMBL596681,COc1ccc(OC)c(Sc2oc3nc(N)nc(N)c3c2C)c1,200000.0,Inactive,332.3850000000001,2.86402,2,8,3.6989700043360183
CHEMBL596680,Cc1c(Sc2c(Cl)cccc2Cl)oc2nc(N)nc(N)c12,200000.0,Inactive,341.2230000000001,4.15362,2,6,3.6989700043360183
CHEMBL609896,Cc1cccc(C)c1Sc1oc2nc(N)nc(N)c2c1C,200000.0,Inactive,300.38700000000006,3.463660000000001,2,6,3.6989700043360183
CHEMBL596673,Cc1c(Sc2ccc3ccccc3c2)oc2nc(N)nc(N)c12,200000.0,Inactive,322.3930000000001,4.000020000000002,2,6,3.6989700043360183
CHEMBL602104,Cc1c(Sc2cccc3ccccc23)oc2nc(N)nc(N)c12,200000.0,Inactive,322.3930000000001,4.000020000000002,2,6,3.6989700043360183
CHEMBL596672,Cc1c(Sc2ccc(C(=O)N[C@@H](CCC(=O)O)C(=O)O)cc2)oc2nc(N)nc(N)c12,4000.0,Intermediate,445.45700000000016,1.8946199999999995,5,9,5.3979400086720375
CHEMBL598292,COc1cccc(Sc2oc3nc(N)nc(N)c3c2C)c1,200000.0,Inactive,302.35900000000004,2.8554200000000005,2,7,3.6989700043360183
CHEMBL598293,COc1ccc(Sc2oc3nc(N)nc(N)c3c2C)cc1OC,200000.0,Inactive,332.3850000000001,2.864020000000001,2,8,3.6989700043360183
CHEMBL611984,Cc1cccc(C(C)C)c1Sc1oc2nc(N)nc(N)c2c1C,200000.0,Inactive,328.4410000000001,4.278640000000002,2,6,3.6989700043360183
CHEMBL1080403,C/C(=C/c1coc2nc(N)nc(N)c12)c1cccc2ccccc12,10000.0,Inactive,316.36400000000003,4.100900000000001,2,5,5.0
CHEMBL1093994,C=CCSc1nc2ccc(N(C/C=C/c3ccccc3)C/C=C/c3ccccc3)cc2c(=O)n1Cc1ccccc1,700.0,Active,555.7470000000003,7.956100000000009,0,5,6.154901959985743
CHEMBL1093993,C=CCSc1nc2ccc(NC/C=C/c3ccccc3)cc2c(=O)n1Cc1ccccc1,3000.0,Intermediate,439.5840000000002,5.848200000000006,1,5,5.522878745280337
CHEMBL1090563,CSc1nc2ccc(N(C/C=C/c3ccccc3)C/C=C/c3ccccc3)cc2c(=O)n1Cc1ccccc1,800.0,Active,529.7090000000003,7.399900000000008,0,5,6.096910013008056
CHEMBL1090897,CSc1nc2ccc(NC/C=C/c3ccccc3)cc2c(=O)n1Cc1ccccc1,2000.0,Intermediate,413.54600000000016,5.292000000000004,1,5,5.698970004336019
CHEMBL1090896,C=CCN(C)c1ccc2nc(SC)n(Cc3ccccc3)c(=O)c2c1,2000.0,Intermediate,351.475,3.7889000000000026,0,5,5.698970004336019
CHEMBL1093230,C=CCSc1nc2ccc(N(CC=C)CC=C)cc2c(=O)n1Cc1ccccc1,900.0,Active,403.5510000000001,4.901300000000004,0,5,6.045757490560675
CHEMBL1092683,C=CCNc1ccc2nc(SCC=C)n(Cc3ccccc3)c(=O)c2c1,1000.0,Intermediate,363.4860000000001,4.320800000000003,1,5,6.0
CHEMBL1092682,C=CCN(CC=C)c1ccc2nc(SC)n(Cc3ccccc3)c(=O)c2c1,1000.0,Intermediate,377.5130000000001,4.345100000000004,0,5,6.0
CHEMBL1089230,C=CCNc1ccc2nc(SC)n(Cc3ccccc3)c(=O)c2c1,800.0,Active,337.44800000000004,3.7646000000000015,1,5,6.096910013008056
CHEMBL1089229,O=C(/C=C/c1ccccc1)Nc1ccc2nc(SC/C=C/c3ccccc3)n(Cc3ccccc3)c(=O)c2c1,500.0,Active,529.6650000000003,6.902200000000007,1,5,6.301029995663981
CHEMBL1093519,C=CCSc1nc2ccc(NC(=O)/C=C/c3ccccc3)cc2c(=O)n1Cc1ccccc1,500.0,Active,453.5670000000002,5.374800000000005,1,5,6.301029995663981
CHEMBL1093244,CSc1nc2ccc(NC(=O)/C=C/c3ccccc3)cc2c(=O)n1Cc1ccccc1,1000.0,Intermediate,427.52900000000017,4.818600000000003,1,5,6.0
CHEMBL1093243,C=CC(=O)Nc1ccc2nc(SC/C=C/c3ccccc3)n(Cc3ccccc3)c(=O)c2c1,2000.0,Intermediate,453.5670000000002,5.374800000000005,1,5,5.698970004336019
CHEMBL1093475,Cc1ccc2c(c1)c(=O)n(Cc1ccccc1)c(=S)n2C(O)/C=C/c1ccccc1,3000.0,Intermediate,414.5300000000001,5.0935100000000055,1,5,5.522878745280337
CHEMBL455,CC(=O)NS(=O)(=O)c1ccc(N)cc1,18000.0,Inactive,214.246,0.0935999999999998,2,4,4.7447274948966935
CHEMBL3039597,CNC(C)[C@@H]1CC[C@@H](N)[C@@H](O[C@H]2[C@H](O)[C@@H](O[C@H]3OC[C@](C)(O)[C@H](NC)[C@H]3O)[C@H](N)C[C@@H]2N)O1.CN[C@@H]1[C@@H](O)[C@@H](O[C@@H]2[C@@H](O)[C@H](O[C@H]3O[C@H](C(C)N)CC[C@H]3N)[C@@H](N)C[C@H]2N)OC[C@]1(C)O.CN[C@@H]1[C@@H](O)[C@@H](O[C@@H]2[C@@H](O)[C@H](O[C@H]3O[C@H](CN)CC[C@H]3N)[C@@H](N)C[C@H]2N)OC[C@]1(C)O,18000.0,Inactive,1390.728000000001,-10.892399999999943,24,36,4.7447274948966935
CHEMBL1093818,Nc1ccc2nc(SC/C=C/c3ccccc3)n(Cc3ccccc3)c(=O)c2c1,6000.0,Intermediate,399.5190000000002,4.832500000000003,1,5,5.221848749616356
CHEMBL1093491,C=CCSc1nc2ccc(N)cc2c(=O)n1Cc1ccccc1,5000.0,Intermediate,323.421,3.3051000000000013,1,5,5.301029995663981
CHEMBL1091603,O=c1c2cc([N+](=O)[O-])ccc2nc(SC/C=C/c2ccccc2)n1Cc1ccccc1,3000.0,Intermediate,429.50100000000015,5.1585000000000045,0,6,5.522878745280337
CHEMBL1091244,Cc1ccc2nc(SC/C=C/c3ccccc3)n(Cc3ccccc3)c(=O)c2c1,1000.0,Intermediate,398.5310000000002,5.558720000000005,0,4,6.0
CHEMBL1092451,C=CCSc1nc2ccc([N+](=O)[O-])cc2c(=O)n1Cc1ccccc1,2000.0,Intermediate,353.4030000000001,3.6311000000000018,0,6,5.698970004336019
CHEMBL1091255,C=CCSc1nc2ccc(C)cc2c(=O)n1Cc1ccccc1,4000.0,Intermediate,322.433,4.031320000000003,0,4,5.3979400086720375
CHEMBL1093099,Nc1nc(N)c2c(n1)[nH]c1cccc(Sc3ccccc3)c12,33000.0,Inactive,307.38200000000006,3.426700000000001,3,5,4.481486060122112
CHEMBL1093100,Cc1ccc(Sc2cccc3[nH]c4nc(N)nc(N)c4c23)cc1,31000.0,Inactive,321.4090000000001,3.73512,3,5,4.508638306165727
CHEMBL1163286,COc1ccc(NCc2ccc3nc(N)nc(N)c3c2)cc1OC,85.5,Active,325.37200000000007,2.4235,3,7,7.068033885271827
CHEMBL1165388,CCOC(=O)CCCOc1cc(NCc2ccc3nc(N)nc(N)c3c2)ccc1OC,68.3,Active,425.4890000000002,3.1370000000000005,3,9,7.165579296318468
CHEMBL1165305,COC(=O)CCCCOc1cc(NCc2ccc3nc(N)nc(N)c3c2)ccc1OC,93.5,Active,425.4890000000002,3.1370000000000005,3,9,7.029188389127482
CHEMBL1165306,COC(=O)c1ccc(COc2cc(NCc3ccc4nc(N)nc(N)c4c3)ccc2OC)cc1,174.6,Active,459.5060000000002,3.780500000000001,3,9,6.757955760630449
CHEMBL1164234,CCCN(Cc1ccc2nc(N)nc(N)c2c1)c1ccc(OC)c(OCCCCC(=O)OC)c1,1338.0,Intermediate,467.57000000000033,3.941500000000003,2,9,5.873543886568196
CHEMBL1164279,COc1ccc(NCc2ccc3nc(N)nc(N)c3c2)cc1OCCCC(=O)O,356.6,Active,397.4350000000002,2.6585,4,8,6.447818661160664
CHEMBL744,Nc1nc2ccc(OC(F)(F)F)cc2s1,312000.0,Inactive,234.20199999999997,2.7771,1,4,3.505845405981557
CHEMBL432942,CS(=O)(=O)c1ccc2nc(N)sc2c1,1040000.0,Inactive,228.298,1.2820000000000005,1,5,2.98296666070122
CHEMBL1650287,Nc1nnc(CCC(=O)c2cccs2)s1,300000.0,Inactive,239.325,1.9973,1,6,3.5228787452803374
CHEMBL1235617,CCC[C@H]1c2ccccc2C=NN1C(=O)/C=C/c1cc(Cc2cnc(N)nc2N)cc(OC)c1OC,110000.0,Inactive,486.5760000000003,3.979700000000001,2,8,3.958607314841775
CHEMBL169896,Cc1nc2ccc3ccc(CNc4ccc5c(c4)CN([C@@H](CCC(=O)O)C(=O)O)C5=O)cc3c2c(=O)[nH]1,20000.0,Inactive,500.51100000000025,3.27062,4,6,4.698970004336019
CHEMBL1818548,Cc1nc2sc3cccc(CNc4ccc(C(=O)N[C@@H](CCC(=O)O)C(=O)O)cc4)c3c2c(=O)[nH]1,20000.0,Inactive,494.5290000000002,3.10612,5,7,4.698970004336019
CHEMBL1818549,Cc1nc2sc3cccc(CNc4ccc5c(c4)CN([C@@H](CCC(=O)O)C(=O)O)C5=O)c3c2c(=O)[nH]1,20000.0,Inactive,506.5400000000004,3.33212,4,7,4.698970004336019
CHEMBL1738741,Nc1nc2sc3cccc(CNc4ccc(C(=O)N[C@@H](CCC(=O)O)C(=O)O)cc4)c3c2c(=O)[nH]1,90.0,Active,495.5170000000003,2.3799,6,8,7.045757490560675
CHEMBL1738740,Nc1nc2sc3cccc(CNc4ccc5c(c4)CN([C@@H](CCC(=O)O)C(=O)O)C5=O)c3c2c(=O)[nH]1,100.0,Active,507.5280000000004,2.6059,5,8,7.0
CHEMBL1824527,Cl.NC1=NC2(CCCC2)N(Cc2ccc(Cl)cc2)C(N)=N1,100000.0,Inactive,328.24700000000007,2.4771,2,5,4.0
CHEMBL1824526,COc1ccc(CN2C(N)=NC(N)=NC23CCCC3)cc1.Cl,100000.0,Inactive,323.8279999999999,1.8323,2,6,4.0
CHEMBL1824525,Cc1ccc(CN2C(N)=NC(N)=NC23CCCC3)cc1.Cl,100000.0,Inactive,307.8289999999999,2.13212,2,5,4.0
CHEMBL1824524,CC1(C2CC2)N=C(N)N=C(N)N1Cc1ccc(Cl)cc1.Cl,100000.0,Inactive,328.247,2.333000000000001,2,5,4.0
CHEMBL1824523,CCC1(C)N=C(N)N=C(N)N1Cc1ccc(Cl)cc1.Cl,100000.0,Inactive,316.23599999999993,2.333000000000001,2,5,4.0
CHEMBL1824522,CCC1(C)N=C(N)N=C(N)N1Cc1ccc(OC)cc1.Cl,100000.0,Inactive,311.81699999999995,1.6882000000000006,2,6,4.0
CHEMBL1824521,CCC1(C)N=C(N)N=C(N)N1Cc1ccc(C)cc1.Cl,100000.0,Inactive,295.8179999999999,1.98802,2,5,4.0
CHEMBL1824520,COc1cc(CN2C(N)=NC(N)=NC2(C)C)cc(OC)c1OC.Cl,100000.0,Inactive,357.84200000000004,1.3153000000000008,2,8,4.0
CHEMBL1824519,CC1(C)N=C(N)N=C(N)N1Cc1ccc(F)cc1.Cl,21800.0,Inactive,285.754,1.4286000000000008,2,5,4.661543506395395
CHEMBL1824528,Cl.NC1=NC2(CCCC2)N(Cc2ccc(Cl)c(Cl)c2)C(N)=N1,100000.0,Inactive,362.6920000000001,3.1305000000000005,2,5,4.0
CHEMBL1824529,Cc1ccc(CN2C(N)=NC(N)=NC23CCCCC3)cc1.Cl,100000.0,Inactive,321.85599999999994,2.5222200000000004,2,5,4.0
CHEMBL1824530,COc1ccc(CN2C(N)=NC(N)=NC23CCCCC3)cc1.Cl,100000.0,Inactive,337.855,2.2224,2,6,4.0
CHEMBL1824531,Cl.NC1=NC2(CCCCC2)N(Cc2ccc(F)cc2)C(N)=N1,100000.0,Inactive,325.819,2.3529000000000004,2,5,4.0
CHEMBL1824532,Cl.NC1=NC2(CCCCC2)N(Cc2ccc(Cl)cc2)C(N)=N1,100000.0,Inactive,342.274,2.8672000000000004,2,5,4.0
CHEMBL535030,Cl.NC1=NC2(CCCCC2)N(Cc2ccc(Cl)c(Cl)c2)C(N)=N1,100000.0,Inactive,376.7190000000001,3.5206000000000017,2,5,4.0
CHEMBL1824533,COc1cc(CN2C(N)=NC(N)=NC23CCCCC3)cc(OC)c1OC.Cl,100000.0,Inactive,397.9070000000001,2.2396000000000007,2,8,4.0
CHEMBL1824534,Cl.NC1=NC2(CCCCCC2)N(Cc2ccc(Cl)c(Cl)c2)C(N)=N1,100000.0,Inactive,390.7460000000001,3.910700000000003,2,5,4.0
CHEMBL1824535,Cc1ccc(CN2C(N)=NC(N)=NC23CCCCCC3)cc1.Cl,100000.0,Inactive,335.883,2.9123200000000007,2,5,4.0
CHEMBL1824770,CC1(C)N=C(N)N=C(N)N1OCc1ccccc1.Cl,69.0,Active,283.763,1.2211000000000007,2,6,7.161150909262744
CHEMBL1824771,CCC1(C)N=C(N)N=C(N)N1OCc1ccccc1.Cl,155.0,Active,297.79,1.6112000000000004,2,6,6.809668301829708
CHEMBL1824772,Cl.NC1=NC(C2CC2)N(OCc2ccccc2)C(N)=N1,548.0,Active,295.77400000000006,1.2211,2,6,6.261219441515631
CHEMBL1824773,Cl.NC1=NC2(CCC2)N(OCc2ccccc2)C(N)=N1,134.0,Active,295.77400000000006,1.3651999999999995,2,6,6.872895201635193
CHEMBL1824774,NC1=NC2(CCCC2)N(OCc2ccccc2)C(N)=N1,173.0,Active,273.34000000000003,1.3335,2,6,6.761953896871205
CHEMBL1824775,NC1=NC2(CCCCC2)N(OCc2ccccc2)C(N)=N1,1790.0,Intermediate,287.367,1.7235999999999998,2,6,5.747146969020107
CHEMBL1824776,Cl.NC1=NC2(CCCCCC2)N(OCc2ccccc2)C(N)=N1,5330.0,Intermediate,337.855,2.5355,2,6,5.273272790973428
CHEMBL2012918,Nc1ncc(Cn2cc(CN3CCN(c4nc5c(cc4F)c(=O)c(C(=O)O)cn5C4CC4)CC3)nn2)c(N)n1,50000.0,Inactive,535.5440000000002,0.4851000000000013,3,13,4.301029995663981
CHEMBL2012917,C#CCN1CCN(c2nc3c(cc2F)c(=O)c(C(=O)O)cn3C2CC2)CC1,250000.0,Inactive,370.3840000000002,1.3239,1,6,3.6020599913279625
CHEMBL2012916,Nc1ncc(COCc2cn(-c3nc4c(cc3F)c(=O)c(C(=O)O)cn4C3CC3)nn2)c(N)n1,250000.0,Inactive,467.4210000000003,0.8205999999999996,3,12,3.6020599913279625
CHEMBL2012914,C#CCNc1nc2c(cc1F)c(=O)c(C(=O)O)cn2C1CC1,250000.0,Inactive,301.27700000000004,1.6137999999999997,2,5,3.6020599913279625
CHEMBL2012911,COc1cc(Cc2cnc(N)nc2N)cc2c1OCCN2,340.0,Active,287.32300000000004,1.0446999999999995,3,7,6.468521082957745
CHEMBL2047253,Nc1nc2c(c(Nc3ccc(Cl)cc3F)n1)-c1ccccc1C2,16000.0,Inactive,326.76200000000006,4.166100000000002,2,4,4.795880017344075
CHEMBL2047252,Nc1nc2c(c(Nc3ccc(F)c(Cl)c3)n1)-c1ccccc1C2,16000.0,Inactive,326.76200000000006,4.166100000000001,2,4,4.795880017344075
CHEMBL2047248,Nc1nc2c(c(Nc3cccc(Br)c3)n1)-c1ccccc1C2,14000.0,Inactive,353.22300000000007,4.136100000000002,2,4,4.853871964321762
CHEMBL2047247,Nc1nc2c(c(Nc3ccc(Cl)cc3)n1)-c1ccccc1C2,16000.0,Inactive,308.77200000000005,4.027000000000001,2,4,4.795880017344075
CHEMBL2047245,CC(C)c1ccc(Nc2nc(N)nc3c2-c2ccccc2C3)cc1,16000.0,Inactive,316.408,4.4970000000000026,2,4,4.795880017344075
CHEMBL2153712,CC(=O)N(CC1CCc2nc(N)nc(N)c2N1C=O)c1ccc(C(=O)N[C@@H](CCC(=O)O)C(=O)O)cc1,100000.0,Inactive,513.5110000000003,0.0195000000000029,5,9,4.0
CHEMBL2153704,Nc1nc(N)c2c(n1)CCC1CN(c3ccc(C(=O)N[C@@H](CCC(=O)O)C(=O)O)cc3)CN21,800.0,Active,455.4750000000002,0.2877000000000007,5,9,6.096910013008056
CHEMBL2153707,Nc1nc(N)c2nc(CNc3ccc(C(=O)N[C@@H](CCC(=O)O)C(=O)O)cc3)ccc2n1,18.0,Active,439.4320000000002,0.8490999999999996,6,9,7.744727494896693
CHEMBL2153709,CN(CC1CCc2nc(N)nc(N)c2N1)c1ccc(C(=O)N[C@@H](CCC(=O)O)C(=O)O)cc1,33.0,Active,457.4910000000002,0.5519000000000013,6,9,7.481486060122112
CHEMBL2153710,Cc1ccc(S(=O)(=O)N2c3c(N)nc(N)nc3CCC2CN(C)c2ccc(C(=O)N[C@@H](CCC(=O)O)C(=O)O)cc2)cc1,1070.0,Intermediate,611.6810000000005,1.6437200000000007,5,10,5.97061622231479
CHEMBL2153711,CN(CC1CCc2nc(N)nc(N)c2N1C=O)c1ccc(C(=O)N[C@@H](CCC(=O)O)C(=O)O)cc1,32.0,Active,485.50100000000026,0.1028000000000023,5,9,7.494850021680094
CHEMBL2153705,C=CCN1c2c(N)nc(N)nc2CCC1CN(C)c1ccc(C(=O)N[C@@H](CCC(=O)O)C(=O)O)cc1,420.0,Active,497.55600000000027,1.1324,5,9,6.376750709602099
CHEMBL2151066,CC(=O)N(CC1CCc2nc(N)nc(N)c2N1)c1ccc(C(=O)N[C@@H](CCC(=O)O)C(=O)O)cc1,33.0,Active,485.50100000000026,0.4686000000000018,6,9,7.481486060122112
CHEMBL2261696,CCOC(=O)C1=C(C)NC(S/C(=C\c2ccc(OC)cc2)C(=O)OCC)=NC1c1ccccc1,10.0,Active,480.5860000000002,4.8700000000000045,1,8,8.0
CHEMBL2261695,CCOC(=O)CSC1=NC(c2ccccc2OC)C(C(=O)OCC)=C(C)N1,7300.0,Intermediate,392.4770000000002,2.828900000000001,1,8,5.136677139879544
CHEMBL2261694,CCOC(=O)CSC1=NC(c2ccccc2)C(C(=O)OCC)=C(C)N1,830.0,Active,362.4510000000002,2.8203000000000005,1,7,6.080921907623926
CHEMBL2261693,CCOC(=O)C1=C(C)N=C(SCC(=O)c2ccc(Cl)c([N+](=O)[O-])c2)NC1c1ccccc1,3000.0,Intermediate,473.93800000000016,4.701700000000003,1,8,5.522878745280337
CHEMBL2261434,CCOC(=O)C1=C(C)N=C(SCCC(=O)O)NC1c1ccccc1OC,8.9,Active,378.4500000000001,2.740500000000001,2,7,8.050609993355087
CHEMBL2261433,CC(=O)C1=C(C)N=C(SCCC(=O)O)NC1c1cccc(O)c1,94.0,Active,334.397,2.4634,3,6,7.026872146400302
CHEMBL2261432,CC(=O)C1=C(C)N=C(SCCC(=O)O)NC1c1ccccc1,1.3,Active,318.398,2.7578000000000014,2,5,8.886056647693163
CHEMBL2261699,CCOC(=O)C1=C(C)NC(=S)NC1/C=C\c1ccccc1,2900.0,Intermediate,302.39900000000006,2.3832000000000004,2,3,5.537602002101044
CHEMBL2261698,CCOC(=O)C1=C(C)NC(=S)NC1c1ccccc1OC,1900.0,Intermediate,306.3870000000001,2.0511,2,4,5.721246399047171
CHEMBL455456,CCOC(=O)C1=C(C)NC(=S)NC1c1ccccc1,580.0,Active,276.36100000000005,2.0425000000000004,2,3,6.236572006437063
CHEMBL2261697,CC(=O)C1=C(C)NC(=S)NC1c1cccc(O)c1,9400.0,Intermediate,262.334,1.7739999999999998,3,3,5.026872146400302
CHEMBL1230365,COc1cc(C(C)(C)C#Cc2c(C)nc(N)nc2N)cc(OC)c1OC,290.0,Active,356.42600000000016,2.30452,2,7,6.537602002101044
CHEMBL2335423,CCc1nc(N)nc(N)c1C#CC(C)c1cc(OC)cc(-c2ccc3c(c2)OCCO3)c1,260.0,Active,430.50800000000027,3.8054000000000032,2,7,6.585026652029182
CHEMBL2335422,CCc1nc(N)nc(N)c1C#CCc1cc(OC)cc(-c2ccc3c(c2)OCCO3)c1,140.0,Active,416.4810000000002,3.244400000000001,2,7,6.853871964321762
CHEMBL2335421,CCc1nc(N)nc(N)c1C#CC(C)c1cc(OC)cc(-c2cccc3cnccc23)c1,45.0,Active,423.52000000000015,4.582400000000003,2,6,7.346787486224656
CHEMBL2335420,CCc1nc(N)nc(N)c1C#CCc1cc(OC)cc(-c2cccc3cnccc23)c1,60.0,Active,409.4930000000001,4.0214000000000025,2,6,7.221848749616356
CHEMBL2335419,CCc1nc(N)nc(N)c1C#CC(C)c1cc(OC)cc(-c2ccncc2)c1,1300.0,Intermediate,373.4600000000001,3.4292000000000025,2,6,5.886056647693163
CHEMBL2335418,COc1cc(-c2ccncc2)cc(C(C)C#Cc2c(C)nc(N)nc2N)c1,1500.0,Intermediate,359.4330000000001,3.1752199999999995,2,6,5.823908740944319
CHEMBL2335417,CCc1nc(N)nc(N)c1C#CC(C)c1cc(OC)cc(N2CCOCC2)c1,250.0,Active,381.48000000000025,2.2038,2,7,6.6020599913279625
CHEMBL2335416,COc1cc(C(C)C#Cc2c(C)nc(N)nc2N)cc(N2CCOCC2)c1,400.0,Active,367.4530000000002,1.94982,2,7,6.3979400086720375
CHEMBL2382336,CN(c1cc(F)c(F)c(F)c1)c1cnc2nc(N)nc(N)c2c1,150.0,Active,320.2780000000001,2.3744,2,6,6.823908740944319
CHEMBL2382335,CN(c1cnc2nc(N)nc(N)c2c1)c1cc(F)ccc1F,46.0,Active,302.288,2.2353,2,6,7.337242168318426
CHEMBL2382334,CN(c1cnc2nc(N)nc(N)c2c1)c1cccc2ccccc12,5.6,Active,316.36800000000005,3.1103000000000014,2,6,8.2518119729938
CHEMBL2382333,CN(c1ccc([N+](=O)[O-])cc1)c1cnc2nc(N)nc(N)c2c1,340.0,Active,311.30500000000006,1.8652999999999995,2,8,6.468521082957745
CHEMBL2382332,CC(C)c1ccc(N(C)c2cnc3nc(N)nc(N)c3c2)cc1,52.0,Active,308.389,3.0805,2,6,7.2839966563652
CHEMBL2382331,Cc1ccc(N(C)c2cnc3nc(N)nc(N)c3c2)cc1,32.0,Active,280.335,2.2655200000000004,2,6,7.494850021680094
CHEMBL2382330,COc1cc(N(C)c2cnc3nc(N)nc(N)c3c2)cc(OC)c1OC,4.6,Active,356.38600000000014,1.9829,2,9,8.337242168318426
CHEMBL2382329,COc1ccc(OC)c(N(C)c2cnc3nc(N)nc(N)c3c2)c1,4.7,Active,326.36000000000007,1.9743,2,8,8.327902142064282
CHEMBL2382328,COc1ccccc1N(C)c1cnc2nc(N)nc(N)c2c1,14.0,Active,296.334,1.9657,2,7,7.853871964321762
CHEMBL2382327,COc1ccc(N(C)c2cnc3nc(N)nc(N)c3c2)cc1,12.0,Active,296.334,1.9657,2,7,7.920818753952375
CHEMBL2382326,CN(c1ccccc1)c1cnc2nc(N)nc(N)c2c1,57.0,Active,266.30799999999994,1.9570999999999996,2,6,7.244125144327507
CHEMBL2382325,Nc1nc(N)c2cc(Nc3cc(F)c(F)c(F)c3)cnc2n1,3100.0,Intermediate,306.251,2.3501000000000003,3,6,5.508638306165727
CHEMBL2382324,Nc1nc(N)c2cc(Nc3cc(F)ccc3F)cnc2n1,450.0,Active,288.261,2.2110000000000003,3,6,6.346787486224656
CHEMBL2382323,Nc1nc(N)c2cc(Nc3cccc4ccccc34)cnc2n1,2100.0,Intermediate,302.34100000000007,3.086000000000001,3,6,5.6777807052660805
CHEMBL2382322,Nc1nc(N)c2cc(Nc3ccc([N+](=O)[O-])cc3)cnc2n1,7200.0,Intermediate,297.278,1.841,3,8,5.142667503568732
CHEMBL2382321,Nc1nc(N)c2cc(Nc3ccc4ccccc4c3)cnc2n1,2200.0,Intermediate,302.34100000000007,3.086000000000001,3,6,5.657577319177793
CHEMBL2382320,CC(C)c1ccc(Nc2cnc3nc(N)nc(N)c3c2)cc1,5900.0,Intermediate,294.362,3.0562,3,6,5.229147988357856
CHEMBL2382319,Cc1ccc(Nc2cnc3nc(N)nc(N)c3c2)cc1,2100.0,Intermediate,266.308,2.2412199999999998,3,6,5.6777807052660805
CHEMBL2382318,COc1cc(Nc2cnc3nc(N)nc(N)c3c2)cc(OC)c1OC,3900.0,Intermediate,342.3590000000001,1.9586,3,9,5.4089353929735005
CHEMBL2382317,COc1ccc(OC)c(Nc2cnc3nc(N)nc(N)c3c2)c1,1000.0,Intermediate,312.3330000000001,1.95,3,8,6.0
CHEMBL2382316,COc1ccccc1Nc1cnc2nc(N)nc(N)c2c1,250.0,Active,282.307,1.9413999999999996,3,7,6.6020599913279625
CHEMBL2382315,COc1ccc(Nc2cnc3nc(N)nc(N)c3c2)cc1,3650.0,Intermediate,282.307,1.9414,3,7,5.437707135543525
CHEMBL2382314,Nc1nc(N)c2cc(Nc3ccccc3)cnc2n1,190.0,Active,252.28100000000003,1.9328,3,6,6.721246399047171
CHEMBL2387094,Nc1nc(N)c2cc(CSC(=S)N3CCN(c4ccc([N+](=O)[O-])cc4)CC3)ccc2n1,1610.0,Intermediate,455.5690000000002,3.0427000000000017,2,9,5.79317412396815
CHEMBL2387090,Nc1nc(N)c2cc(CSC(=S)N3CCN(c4ccc(F)cc4)CC3)ccc2n1,2110.0,Intermediate,428.5620000000001,3.273600000000002,2,7,5.675717544702307
CHEMBL2387104,COc1ccc(N2CCN(C(=S)SCc3ccc4nc(N)nc(N)c4c3)CC2)cc1,5960.0,Intermediate,440.5980000000002,3.1431000000000013,2,8,5.224753740259764
CHEMBL3134008,CC(C)CN(C(=O)Nc1ccc(CCC(=O)O)cc1Cc1ccccc1)C(=O)c1ccc(OCC(=O)O)c(Cc2ccccc2)c1,1000000.0,Inactive,622.7180000000002,6.679100000000006,3,5,3.0
CHEMBL3218941,Nc1cccn2cc(Cc3ccccc3)c(=O)nc12,8720.0,Intermediate,251.289,1.8675,1,4,5.059483515067432
CHEMBL3218936,O=c1nc2ccccn2cc1Cc1ccc(F)cc1C(F)(F)F,3100.0,Intermediate,322.2609999999999,3.443200000000002,0,3,5.508638306165727
CHEMBL3218935,O=c1nc2ccc(Br)cn2cc1Cc1cccc(Oc2nc(Cl)c(Cl)cc2Cl)c1,2730.0,Intermediate,511.59000000000015,6.195300000000002,0,5,5.563837352959244
CHEMBL3228455,CC1=Nc2c(O)nc(N)nc2OC1C,377000.0,Inactive,194.194,0.6376999999999999,2,6,3.423658649794207
CHEMBL3228458,CC1=Nc2c(O)nc(N)nc2OC1c1ccccc1,740000.0,Inactive,256.265,1.9905,2,6,3.130768280269024
CHEMBL3228459,Nc1nc(O)c2c(n1)OCC(c1ccccc1)=N2,57000.0,Inactive,242.238,1.2775999999999998,2,6,4.2441251443275085
CHEMBL3228460,CC1=Nc2c(O)nc(N)nc2OC1,242000.0,Inactive,180.167,0.2492,2,6,3.616184634019569
CHEMBL3228461,Nc1nc(O)c2c(n1)OCC(Cc1ccccc1)=N2,28000.0,Inactive,256.265,1.472,2,6,4.552841968657781
CHEMBL3228462,Nc1nc(O)c2c(n1)OCC(CCc1ccccc1)=N2,3000.0,Intermediate,270.292,1.8621,2,6,5.522878745280337
CHEMBL3228463,Nc1nc(O)c2c(n1)OCC(CCCc1ccccc1)=N2,7000.0,Intermediate,284.319,2.2522,2,6,5.154901959985743
CHEMBL3228464,Nc1nc(O)c2c(n1)OCC(CCCCc1ccccc1)=N2,8000.0,Intermediate,298.34599999999995,2.6423000000000005,2,6,5.096910013008056
CHEMBL3228465,CCCCCC1=Nc2c(O)nc(N)nc2OC1,11000.0,Inactive,236.275,1.8096,2,6,4.958607314841775
CHEMBL3228466,CC1=Nc2c(N)nc(N)nc2OC1C,903000.0,Inactive,193.21,0.5143,2,6,3.0443122496864943
CHEMBL3228468,Nc1nc(N)c2c(n1)OCC(c1ccccc1)=N2,168000.0,Inactive,241.254,1.1541999999999997,2,6,3.774690718274137
CHEMBL1270837,COc1cc(-c2ccccc2)ccc1C(C)C#Cc1c(C)nc(N)nc1N,340.0,Active,358.4450000000001,3.780220000000001,2,5,6.468521082957745
CHEMBL1270734,COc1cc(C(C)C#Cc2c(C)nc(N)nc2N)c(OC)cc1-c1ccccc1,314.0,Active,388.47100000000006,3.788820000000001,2,6,6.503070351926785
CHEMBL3234116,CCc1nc(N)nc(N)c1C#CC(C)c1ccc(-c2ccccc2)cc1OC,172.0,Active,372.4720000000001,4.034200000000003,2,5,6.764471553092451
CHEMBL3234117,CCc1nc(N)nc(N)c1C#CC(C)c1ccc(-c2ccncc2)cc1OC,127.0,Active,373.4600000000001,3.4292000000000025,2,6,6.896196279044043
CHEMBL3234118,CCc1nc(N)nc(N)c1C#CC(C)c1ccc(-c2ccc(O)cc2)cc1OC,136.0,Active,388.4710000000001,3.7398000000000025,3,6,6.866461091629782
CHEMBL3234119,CCc1nc(N)nc(N)c1C#CC(C)c1ccc(-c2ccc(C)cc2)cc1OC,208.0,Active,386.49900000000014,4.342620000000004,2,5,6.681936665037238
CHEMBL3234120,CCc1nc(N)nc(N)c1C#CC(C)c1ccc(-c2ccc(C#N)cc2)cc1OC,477.0,Active,397.48200000000014,3.9058800000000025,2,6,6.321481620959886
CHEMBL3234317,CCc1nc(N)nc(N)c1C#CC(C)c1ccc(-c2ccc(OC(N)=O)cc2)cc1OC,170.0,Active,431.4960000000002,3.4917000000000016,3,7,6.769551078621726
CHEMBL3234318,CCc1nc(N)nc(N)c1C#CC(C)c1ccc(-c2ccc(C(=O)OC)cc2)cc1OC,49.0,Active,430.5080000000002,3.820800000000003,2,7,7.309803919971486
CHEMBL3234319,CCc1nc(N)nc(N)c1C#CC(C)c1ccc(-c2ccc(N(C)C)cc2)cc1OC,147.0,Active,415.54100000000017,4.100200000000004,2,6,6.832682665251824
CHEMBL3234320,CCc1nc(N)nc(N)c1C#CC(C)c1ccc(-c2ccc(F)cc2)cc1OC,148.0,Active,390.4620000000001,4.173300000000003,2,5,6.8297382846050425
CHEMBL3234321,CCc1nc(N)nc(N)c1C#CC(C)c1ccc(-c2ccccc2)cc1,174.0,Active,342.446,4.0256000000000025,2,4,6.7594507517174005
CHEMBL3234322,CCc1nc(N)nc(N)c1C#CC(C)c1ccc(-c2ccccc2)nc1,688.0,Active,343.434,3.420600000000002,2,5,6.162411561764489
CHEMBL3234323,CCc1nc(N)nc(N)c1C#CC(C)c1ccc(-c2ccc(C)cc2)nc1,625.0,Active,357.46100000000007,3.729020000000003,2,5,6.204119982655925
CHEMBL3234324,CCc1nc(N)nc(N)c1C#CC(C)c1cnc(-c2ccccc2)nc1,180.0,Active,344.422,2.8156000000000008,2,6,6.7447274948966935
CHEMBL2426247,Nc1nc2[nH]cc(Cc3ccc(C(=O)N[C@@H](CCC(=O)O)C(=O)O)cc3)c2c(=O)[nH]1,640.0,Active,413.3900000000001,0.4720000000000003,6,6,6.1938200260161125
CHEMBL3115730,COc1ccc(/C=C2\CCCc3c2nc(C)nc3-c2ccc(OC)c(OC)c2)cc1OC,100.0,Active,432.52000000000015,5.363320000000006,0,6,7.0
CHEMBL3115731,COc1cc(/C=C2\CCCc3c2nc(C)nc3-c2cc(OC)c(OC)c(OC)c2)cc(OC)c1OC,500.0,Active,492.57200000000034,5.380520000000006,0,8,6.301029995663981
CHEMBL1807580,COc1ccc(/C=C2\CCCc3c2nc(N)nc3-c2ccc(OC)c(OC)c2)cc1OC,14000.0,Inactive,433.50800000000015,4.637100000000004,1,7,4.853871964321762
CHEMBL1807581,COc1cc(/C=C2\CCCc3c2nc(N)nc3-c2cc(OC)c(OC)c(OC)c2)cc(OC)c1OC,14000.0,Inactive,493.56000000000034,4.654300000000004,1,9,4.853871964321762
CHEMBL3644517,COc1cc(-c2ccccc2C)ccc1C(C)C#Cc1c(C)nc(N)nc1N,2770.0,Intermediate,372.47200000000015,4.088640000000002,2,5,5.557520230935552
CHEMBL1270633,CCc1nc(N)nc(N)c1C#CCc1cc(OC)cc(-c2ccccc2)c1,140.0,Active,358.44500000000005,3.473200000000002,2,5,6.853871964321762
CHEMBL3644523,CCc1nc(N)nc(N)c1C#CCc1cccc(-c2cncnc2)c1,160.0,Active,330.39500000000004,2.2546,2,6,6.795880017344075
CHEMBL3526249,CCc1nc(N)nc(N)c1C#CCc1cc(-c2ccncc2)ccc1OC,330.0,Active,359.4330000000001,2.8682000000000007,2,6,6.481486060122113
CHEMBL3644520,CCc1nc(N)nc(N)c1C#CC(C)c1cc(-c2ccccc2)ccc1OC,100.0,Active,372.4720000000001,4.034200000000003,2,5,7.0
CHEMBL3644518,COc1cc(-c2c(C)cccc2C)ccc1C(C)C#Cc1c(C)nc(N)nc1N,3370.0,Intermediate,386.4990000000002,4.3970600000000015,2,5,5.4723700991286615
CHEMBL3644519,COc1cc(-c2c(C(C)C)cccc2C(C)C)ccc1C(C)C#Cc1c(C)nc(N)nc1N,4200.0,Intermediate,442.60700000000026,6.027020000000005,2,5,5.376750709602099
CHEMBL1270439,CCc1nc(N)nc(N)c1C#CCc1cccc(-c2ccccc2)c1,290.0,Active,328.41900000000004,3.4646000000000017,2,4,6.537602002101044
CHEMBL3219804,CCc1nc(N)nc(N)c1C#CCc1cc(OC)cc(-c2ccncc2)c1,61.0,Active,359.43300000000005,2.8682000000000007,2,6,7.214670164989233
CHEMBL3644522,CCc1nc(N)nc(N)c1C#CCc1cccc(-c2cccnc2)c1,290.0,Active,329.40700000000004,2.8596000000000013,2,5,6.537602002101044
CHEMBL3644521,CCc1nc(N)nc(N)c1C#CCc1cccc(-c2ccncc2)c1,520.0,Active,329.40700000000004,2.8596000000000013,2,5,6.2839966563652006
CHEMBL1270533,CCc1nc(N)nc(N)c1C#CCc1cc(-c2ccccc2)ccc1OC,300.0,Active,358.4450000000001,3.473200000000002,2,5,6.522878745280337
CHEMBL3234115,COc1ccc(-c2ccccc2)cc1C(C)C#Cc1c(C)nc(N)nc1N,97.0,Active,358.4450000000001,3.780220000000001,2,5,7.013228265733755
CHEMBL3747446,Cc1nc2cc(Nc3nc(Nc4ccc(F)cc4)nc(N4CCN(C)CC4)n3)ccc2n1Cc1ccccc1,310.0,Active,523.6200000000003,4.956120000000005,2,9,6.508638306165727
CHEMBL3746911,Cc1nc2cc(Nc3nc(Nc4ccc(F)cc4)nc(N4CCCC4)n3)ccc2n1Cc1ccccc1,110.0,Active,494.5780000000003,5.804520000000005,2,8,6.958607314841775
CHEMBL3747216,Cc1nc2ccc(Nc3nc(NCCN4CCOCC4)nc(Nc4ccc(F)cc4)n3)cc2n1Cc1ccccc1,2.0,Active,553.6460000000002,4.948420000000004,3,10,8.698970004336019
CHEMBL3746597,Cc1nc2cc(Nc3nc(Nc4ccc(F)cc4)nc(-c4ccc(Cl)cc4)n3)ccc2n1Cc1ccccc1,42400.0,Inactive,536.0140000000002,7.524720000000006,2,7,4.372634143407267
CHEMBL3746824,Cc1nc2cc(Nc3nc(Nc4ccc(F)cc4)nc(-c4cccs4)n3)ccc2n1Cc1ccccc1,720.0,Active,507.5980000000002,6.932820000000005,2,8,6.142667503568731
CHEMBL3746201,COc1ccc(-c2nc(Nc3ccc(F)cc3)nc(Nc3ccc4c(c3)nc(C)n4Cc3ccccc3)n2)cc1,320.0,Active,531.5950000000003,6.879920000000006,2,8,6.494850021680094
CHEMBL3746172,Cc1nc2ccc(Nc3nc(Cl)nc(Nc4ccc(F)cc4)n3)cc2n1Cc1ccccc1,310.0,Active,459.9160000000001,5.857720000000004,2,7,6.508638306165727
CHEMBL3752202,Cc1cccc(Oc2ccc(-c3nc(N)nc(N)n3)cc2)c1C,42000.0,Inactive,307.357,3.112140000000001,2,6,4.376750709602099
CHEMBL532909,CC1(C)N=C(N)N=C(N)N1c1ccccc1.Cl,9400.0,Intermediate,253.73700000000005,1.2938999999999998,2,5,5.026872146400302
CHEMBL7976,O=C(/C=C/c1ccccc1)c1ccccc1,100000.0,Inactive,208.26,3.5827000000000018,0,1,4.0
CHEMBL3785320,CC1(C)N=C(N)N=C(N)N1c1ccc(/C=C/C(=O)c2ccccc2)cc1.Cl,100000.0,Inactive,383.8830000000001,3.1900000000000026,2,6,4.0
CHEMBL3787681,CC1(C)N=C(N)N=C(N)N1c1cccc(/C=C/C(=O)c2ccccc2)c1.Cl,100000.0,Inactive,383.8830000000001,3.1900000000000017,2,6,4.0
CHEMBL3785981,CC1(C)N=C(N)N=C(N)N1c1ccc(C(=O)/C=C/c2ccccc2)cc1.Cl,56400.0,Inactive,383.8830000000001,3.1900000000000026,2,6,4.248720896016658
CHEMBL3787397,CC1(C)N=C(N)N=C(N)N1c1cccc(C(=O)/C=C/c2ccccc2)c1.Cl,2400.0,Intermediate,383.8830000000001,3.1900000000000017,2,6,5.619788758288394
CHEMBL2163553,COc1cc(/C=C2\C(=O)Nc3ccccc32)cc(OC)c1O,500.0,Active,297.31000000000006,2.902100000000002,2,4,6.301029995663981
CHEMBL3785354,CC1=NN(c2cccc(Cl)c2)C(=O)/C1=C\c1cn(CC(O)Cn2cc(/C=C3\C(=O)N(c4cccc(Cl)c4)N=C3C)c3ccccc32)c2ccccc12,30000.0,Inactive,727.652,8.576100000000004,1,7,4.522878745280337
CHEMBL3785302,CN1C(=O)C(=Cc2cn(CC(O)Cn3cc(C=C4C(=O)N(C)C(=O)N(C)C4=O)c4ccccc43)c3ccccc23)C(=O)N(C)C1=O,20000.0,Inactive,622.6380000000001,2.5247,1,9,4.698970004336019
CHEMBL3786155,O=C1NC(=S)NC(=O)C1=Cc1cn(CC(O)Cn2cc(C=C3C(=O)NC(=S)NC3=O)c3ccccc32)c2ccccc12,7000.0,Intermediate,598.6660000000002,1.4857000000000005,5,9,5.154901959985743
CHEMBL3786170,O=C1NC(=O)C(=Cc2cn(CC(O)Cn3cc(C=C4C(=O)NC(=O)NC4=O)c4ccccc43)c3ccccc23)C(=O)N1,5000.0,Intermediate,566.5300000000002,1.1559,5,9,5.301029995663981
CHEMBL3785863,O=C1/C(=C\c2cn(CC(O)Cn3cc(/C=C4\C(=O)N(c5c(Cl)cccc5Cl)c5ccccc54)c4ccccc43)c3ccccc23)c2ccccc2N1c1c(Cl)cccc1Cl,8000.0,Intermediate,866.632,12.70849999999998,1,5,5.096910013008056
CHEMBL3786413,Nc1ccc2c(c1)/C(=C/c1cn(CC(O)Cn3cc(/C=C4\C(=O)Nc5ccc(N)cc54)c4ccccc43)c3ccccc13)C(=O)N2,300.0,Active,606.6860000000003,5.806900000000004,5,7,6.522878745280337
CHEMBL3785463,O=C1Nc2ccc([N+](=O)[O-])cc2/C1=C/c1cn(CC(O)Cn2cc(/C=C3\C(=O)Nc4ccc([N+](=O)[O-])cc43)c3ccccc32)c2ccccc12,700.0,Active,666.6500000000001,6.458900000000005,3,9,6.154901959985743
CHEMBL3787137,O=C1Nc2ccccc2/C1=C/c1cn(CC(O)Cn2cc(/C=C3\C(=O)Nc4ccccc43)c3ccccc32)c2ccccc12,30.0,Active,576.6560000000002,6.642500000000006,3,5,7.522878745280337
CHEMBL3935452,Nc1nc(Cl)c2cc(-c3cccc(Cl)c3)[nH]c2n1,4200.0,Intermediate,279.13000000000005,3.5139000000000005,2,3,5.376750709602099
CHEMBL3962899,Nc1nc2[nH]c(-c3cccc(Cl)c3)cc2c(=O)[nH]1,10000.0,Inactive,260.684,2.1537999999999995,3,3,5.0
CHEMBL3936777,COc1ccc(-c2c[nH]c3nc(N)nc(OC(C)C)c23)cc1C(F)(F)F,10000.0,Inactive,366.343,4.021700000000002,2,5,5.0
CHEMBL3892841,Nc1ncc(CN2CCCN(C(=O)c3cccc(C(F)(F)F)c3)CC2)c(N)n1,10000.0,Inactive,394.4010000000001,2.0079,2,6,5.0
CHEMBL3953119,Nc1ncc(N2CCN(c3cccc(-c4ccccc4)c3)CC2)c(N)n1,760.0,Active,346.43800000000016,2.6346,2,6,6.119186407719209
CHEMBL3953069,Nc1ncc(N2CCN(c3ccc(Cl)c(Cl)c3)CC2)c(N)n1,92.0,Active,339.23000000000013,2.2744,2,6,7.036212172654444
CHEMBL3980903,Cn1cc(-c2c(N)nc(N)nc2C2CC2)c2ccccc21,2800.0,Intermediate,279.347,2.6771000000000003,2,5,5.552841968657781
CHEMBL3910843,Nc1nc(N)c(-c2c[nH]c3ccccc23)c(C2CC2)n1,2500.0,Intermediate,265.32,2.6667000000000005,3,4,5.6020599913279625
CHEMBL3972872,Nc1ncc(CN2CCN(c3cc(Cl)ccc3OCc3cccc(C(F)(F)F)c3)CC2)c(N)n1,75000.0,Inactive,492.9330000000003,4.214400000000003,2,7,4.1249387366083
CHEMBL3901807,Cc1nc(N)nc(N)c1CN1CCN(c2cccc(-c3cccc(C#N)c3)c2)CC1,920.0,Active,399.5020000000002,2.8103000000000016,2,7,6.036212172654444
CHEMBL3940818,Cc1nc(N)nc(N)c1C(=O)N1CCN(c2cccc(-c3cccc(C#N)c3)c2)CC1,10000.0,Inactive,413.4850000000002,2.450500000000001,2,7,5.0
CHEMBL3912823,Cc1nc(N)nc(N)c1CN1CCN(c2cc(Cl)ccc2-c2ccccn2)CC1,2100.0,Intermediate,409.9250000000001,2.987020000000002,2,7,5.6777807052660805
CHEMBL3949585,Cc1nc(N)nc(N)c1C(=O)N1CCN(c2cc(Cl)ccc2-c2ccccn2)CC1,10000.0,Inactive,423.9080000000002,2.627220000000001,2,7,5.0
CHEMBL3921798,Cc1nc(N)nc(N)c1CN1CCN(c2cccc(-c3ccccc3)c2)CC1,1100.0,Intermediate,374.4920000000001,2.938620000000002,2,6,5.958607314841775
CHEMBL3958219,Cc1nc(N)nc(N)c1C(=O)N1CCN(c2cccc(-c3ccccc3)c2)CC1,10000.0,Inactive,388.47500000000014,2.578820000000001,2,6,5.0
CHEMBL3930739,Nc1ncc(CN2CCN(c3cccc(C(F)(F)F)c3)CC2)c(N)n1,9200.0,Intermediate,352.36400000000015,1.982,2,6,5.036212172654444
CHEMBL3970251,Nc1ncc(Cn2ccc3c(-c4ccc(C(F)(F)F)cc4)cccc32)c(N)n1,10000.0,Inactive,383.37700000000007,4.329800000000003,2,5,5.0
CHEMBL3963161,Nc1ncc(Cn2cc(-c3cccc(C(F)(F)F)c3)c3ccccc32)c(N)n1,10000.0,Inactive,383.37700000000007,4.329800000000003,2,5,5.0
CHEMBL3924966,Nc1ncc(Cn2cc(-c3ccc(F)c(F)c3)c3cnccc32)c(N)n1,10000.0,Inactive,352.34800000000007,2.9842000000000004,2,6,5.0
CHEMBL3948504,Nc1ncc(Cn2cc(-c3cccc(Cl)c3)c3cccnc32)c(N)n1,10000.0,Inactive,350.8130000000001,3.359400000000001,2,6,5.0
CHEMBL3906933,Cn1c(-c2cccc(Cl)c2)cc2c(N)nc(N)nc21,10000.0,Inactive,273.727,2.4531,2,5,5.0
CHEMBL3896873,Cn1c(-c2cccc(Cl)c2)cc2c(Cl)nc(N)nc21,10000.0,Inactive,293.15700000000004,3.524300000000001,1,4,5.0
CHEMBL3903562,Br.NC1=NC2(CCOCC2)N(OCCCOc2ccc(Cl)cc2)C(N)=N1,33.56,Active,448.74900000000014,2.0701,2,8,7.4741780478433375
CHEMBL3965991,Br.Cc1ccc(OCCCON2C(N)=NC(N)=NC23CCOCC3)cc1,56.75,Active,428.3310000000002,1.7251199999999995,2,8,7.24603413413484
CHEMBL3894617,Br.NC1=NC2(CCOCC2)N(OCCCOc2cc(Cl)c(Cl)cc2Cl)C(N)=N1,36.01,Active,517.6390000000002,3.376900000000001,2,8,7.443576878628715
CHEMBL3893628,Br.NC1=NC2(CCOCC2)N(OCCCOc2ccc(Br)cc2)C(N)=N1,32.49,Active,493.20000000000016,2.1792,2,8,7.488250288655017
CHEMBL3974488,Br.CC(C)(C)c1ccc(OCCCON2C(N)=NC(N)=NC23CCOCC3)cc1,3.72,Active,470.4120000000003,2.7142,2,8,8.429457060118102
CHEMBL3912587,Br.COc1ccc(OCCCON2C(N)=NC(N)=NC23CCOCC3)cc1,11.07,Active,444.33000000000027,1.4252999999999996,2,9,7.955852379121277
CHEMBL3957080,Br.NC1=NC2(CCOCC2)N(OCCCOc2ccc(F)cc2)C(N)=N1,46.62,Active,432.29400000000015,1.5557999999999998,2,8,7.331427730815442
CHEMBL3931887,Br.NC1=NC2(CCOCC2)N(OCCCOc2ccc(Cl)cc2Cl)C(N)=N1,7.46,Active,483.1940000000002,2.7235000000000005,2,8,8.127261172527332
CHEMBL3924555,Br.NC1=NC2(CCOCC2)N(OCCCOc2ccccc2)C(N)=N1,86.11,Active,414.30400000000014,1.4166999999999998,2,8,7.064946410768935
CHEMBL3965885,Br.NC1=NC2(CCOCC2)N(OCCCOc2ccc(Cl)c(Cl)c2)C(N)=N1,8.23,Active,483.1940000000002,2.7235000000000005,2,8,8.08460016478773
CHEMBL3952384,Cl.NC1=NC2(CCSCC2)N(OCCCOc2ccc(Br)cc2)C(N)=N1,6.46,Active,464.81700000000006,2.7397,2,8,8.189767482004916
CHEMBL3946546,Cl.NC1=NC2(CCSCC2)N(OCCCOc2ccc(Cl)cc2)C(N)=N1,18.28,Active,420.3660000000001,2.6306000000000003,2,8,7.738023808602187
CHEMBL3943671,Cl.NC1=NC2(CCSCC2)N(OCCCOc2ccc(Cl)cc2Cl)C(N)=N1,4.08,Active,454.81100000000015,3.2840000000000016,2,8,8.38933983691012
CHEMBL1800948,Cl.NC1=NC2(CCCCC2)N(OCCCOc2ccc(Cl)cc2)C(N)=N1,49.04,Active,402.326,3.067700000000001,2,7,7.309449538489641
CHEMBL4066381,Nc1nc(N)c2nc(/C=C/c3ccccc3)ccc2n1,5330.0,Intermediate,263.30400000000003,2.3596000000000004,2,5,5.273272790973428
CHEMBL4093938,Cc1ccc(/C=C/c2ccc3nc(N)nc(N)c3n2)cc1,3190.0,Intermediate,277.331,2.6680200000000003,2,5,5.496209316942819
CHEMBL4074984,CCc1ccc(/C=C/c2ccc3nc(N)nc(N)c3n2)cc1,5280.0,Intermediate,291.35799999999995,2.922,2,5,5.277366077466188
CHEMBL4101669,CC(C)c1ccc(/C=C/c2ccc3nc(N)nc(N)c3n2)cc1,20100.0,Inactive,305.385,3.4830000000000005,2,5,4.696803942579511
CHEMBL4085240,Nc1nc(N)c2nc(/C=C/c3ccc(F)cc3)ccc2n1,4780.0,Intermediate,281.29400000000004,2.4987000000000004,2,5,5.320572103387881
CHEMBL4063614,Nc1nc(N)c2nc(/C=C/c3ccc(Cl)cc3)ccc2n1,16900.0,Inactive,297.749,3.0130000000000017,2,5,4.772113295386326
CHEMBL4070083,Nc1nc(N)c2nc(/C=C/c3ccc(Br)cc3)ccc2n1,14800.0,Inactive,342.20000000000005,3.122100000000001,2,5,4.8297382846050425
CHEMBL4097295,COc1ccc(/C=C/c2ccc3nc(N)nc(N)c3n2)cc1,4340.0,Intermediate,293.33,2.3682,2,6,5.36251027048749
CHEMBL4094791,COc1cccc(/C=C/c2ccc3nc(N)nc(N)c3n2)c1,4130.0,Intermediate,293.33,2.3682,2,6,5.384049948343599
CHEMBL4074287,COc1ccccc1/C=C/c1ccc2nc(N)nc(N)c2n1,3610.0,Intermediate,293.33000000000004,2.3682,2,6,5.442492798094342
CHEMBL4087099,COc1cc(/C=C/c2ccc3nc(N)nc(N)c3n2)cc(OC)c1OC,4000.0,Intermediate,353.3820000000001,2.3854,2,8,5.3979400086720375
CHEMBL4065674,Nc1nc(N)c2nc(CCc3ccccc3)ccc2n1,2250.0,Intermediate,265.32,1.9744,2,5,5.647817481888637
CHEMBL4079226,Cc1ccc(CCc2ccc3nc(N)nc(N)c3n2)cc1,2550.0,Intermediate,279.347,2.28282,2,5,5.5934598195660445
CHEMBL4103483,CCc1ccc(CCc2ccc3nc(N)nc(N)c3n2)cc1,2480.0,Intermediate,293.374,2.5368000000000004,2,5,5.605548319173784
CHEMBL4068381,CC(C)c1ccc(CCc2ccc3nc(N)nc(N)c3n2)cc1,19000.0,Inactive,307.401,3.0978000000000003,2,5,4.721246399047171
CHEMBL4095728,Nc1nc(N)c2nc(CCc3ccc(F)cc3)ccc2n1,950.0,Active,283.31,2.1135,2,5,6.022276394711152
CHEMBL4083636,Nc1nc(N)c2nc(CCc3ccc(Cl)cc3)ccc2n1,2840.0,Intermediate,299.76500000000004,2.6278000000000006,2,5,5.546681659952962
CHEMBL4061867,Nc1nc(N)c2nc(CCc3ccc(Br)cc3)ccc2n1,1260.0,Intermediate,344.216,2.736900000000001,2,5,5.8996294548824375
CHEMBL4090780,COc1ccc(CCc2ccc3nc(N)nc(N)c3n2)cc1,710.0,Active,295.346,1.983,2,6,6.1487416512809245
CHEMBL4062835,COc1cccc(CCc2ccc3nc(N)nc(N)c3n2)c1,450.0,Active,295.34600000000006,1.983,2,6,6.346787486224656
CHEMBL4098497,COc1ccccc1CCc1ccc2nc(N)nc(N)c2n1,1670.0,Intermediate,295.346,1.983,2,6,5.777283528852417
CHEMBL4071461,COc1cc(CCc2ccc3nc(N)nc(N)c3n2)cc(OC)c1OC,290.0,Active,355.39800000000014,2.0001999999999995,2,8,6.537602002101044
CHEMBL4090575,O=C(Nc1c(F)c(F)c(-c2ccccc2)c(F)c1F)c1c(O)nnn1CC1CC1,36.0,Active,406.3390000000002,3.8694000000000006,2,5,7.443697499232712
CHEMBL4071260,O=C(Nc1c(F)c(F)c(-c2ccccc2)c(F)c1F)c1nn(CC2CC2)nc1O,108.0,Active,406.3390000000002,3.869400000000001,2,5,6.966576244513051
CHEMBL4098306,Cn1nnc(O)c1C(=O)Nc1c(F)c(F)c(-c2ccccc2)c(F)c1F,18.0,Active,366.274,2.9964000000000013,2,5,7.744727494896693
CHEMBL4089886,Cn1nc(O)c(C(=O)Nc2ccc(-c3ccccc3)cc2F)n1,6000.0,Intermediate,312.30400000000003,2.5791000000000004,2,5,5.221848749616356
CHEMBL4061824,Cn1nc(O)c(C(=O)Nc2c(F)cc(-c3ccccc3)cc2F)n1,853.0,Active,330.294,2.7182000000000004,2,5,6.069050968832477
CHEMBL4062046,Cn1nc(O)c(C(=O)Nc2c(F)c(F)c(-c3ccccc3)c(F)c2F)n1,45.0,Active,366.274,2.9964000000000004,2,5,7.346787486224656
CHEMBL4088968,Cc1c(C(=O)Nc2c(F)c(F)c(-c3ccccc3)c(F)c2F)c(O)nn1C,41.0,Active,379.3130000000001,3.9098200000000007,2,4,7.387216143280264
CHEMBL4105330,O=C(Nc1c(F)c(F)c(-c2ccccc2)c(F)c1F)c1nsnc1O,16.0,Active,369.2990000000001,3.7194,2,5,7.795880017344075
CHEMBL4081077,O=C(Nc1c(F)c(F)c(-c2cccc(OC(F)(F)F)c2)c(F)c1F)c1nsnc1O,44.0,Active,453.2950000000001,4.618000000000001,2,6,7.356547323513812
CHEMBL1946659,O=C(Nc1c(F)c(F)c(-c2ccccc2)c(F)c1F)c1nonc1O,289.0,Active,353.2310000000001,3.2509,2,5,6.539102157243452
CHEMBL1946851,O=C(Nc1c(F)c(F)c(-c2cccc(OC(F)(F)F)c2)c(F)c1F)c1nonc1O,599.0,Active,437.2270000000001,4.149500000000001,2,6,6.2225731776106885
CHEMBL973,C/C(O)=C(\C#N)C(=O)Nc1ccc(C(F)(F)F)cc1,388.0,Active,270.21,2.99948,2,3,6.411168274405792
CHEMBL38434,Cc1c(-c2ccc(-c3ccccc3F)cc2)nc2ccc(F)cc2c1C(=O)O,1.8,Active,375.3740000000001,5.853620000000004,1,2,8.744727494896694
CHEMBL4060383,Nc1nc(N)c2c(n1)[nH]c1cccc(Sc3ccc4ccccc4c3)c12,28000.0,Inactive,357.4420000000001,4.579900000000001,3,5,4.552841968657781
CHEMBL4088617,Nc1nc(N)c2c(n1)[nH]c1cccc(Sc3cccc4ccccc34)c12,27000.0,Inactive,357.4420000000001,4.579900000000002,3,5,4.568636235841013
CHEMBL4069070,COc1ccc(OC)c(Sc2cccc3[nH]c4nc(N)nc(N)c4c23)c1,27000.0,Inactive,367.43400000000014,3.4439,3,7,4.568636235841013
CHEMBL4096329,COc1ccc(Sc2cccc3[nH]c4nc(N)nc(N)c4c23)cc1,30000.0,Inactive,337.40800000000013,3.4353,3,6,4.522878745280337
CHEMBL4079829,Nc1nc(N)c2c(n1)[nH]c1cccc(Sc3ccc(Cl)cc3)c12,29000.0,Inactive,341.82700000000006,4.080100000000001,3,5,4.537602002101044
CHEMBL4104895,CC1(C)N=C(N)N=C(N)N1OCCOc1cccc(C(=O)/C=C/c2ccccc2)c1.Cl,35.6,Active,443.9350000000001,2.9960000000000027,2,8,7.448550002027125
CHEMBL4074887,CC1(C)N=C(N)N=C(N)N1OCCOc1ccc(C(=O)/C=C/c2ccccc2)cc1.Cl,14.1,Active,443.9350000000001,2.9960000000000027,2,8,7.85078088734462
CHEMBL4080662,CC1(C)N=C(N)N=C(N)N1OCCOc1ccc(/C=C/C(=O)c2ccccc2)cc1.Cl,53.4,Active,443.9350000000001,2.9960000000000027,2,8,7.272458742971444
CHEMBL4097389,CC1(C)N=C(N)N=C(N)N1OCCOc1cccc(/C=C/C(=O)c2ccccc2)c1.Cl,59.2,Active,443.9350000000001,2.9960000000000027,2,8,7.22767829327708
CHEMBL4069255,CC1(C)N=C(N)N=C(N)N1OCCCOc1ccc(C(=O)/C=C/c2ccccc2)cc1.Cl,9.2,Active,457.9620000000001,3.386100000000003,2,8,8.036212172654444
CHEMBL4098009,CC1(C)N=C(N)N=C(N)N1OCCCOc1cccc(C(=O)/C=C/c2ccccc2)c1.Cl,9.0,Active,457.9620000000001,3.386100000000003,2,8,8.045757490560675
CHEMBL4079985,CC1(C)N=C(N)N=C(N)N1OCCCOc1ccc(/C=C/C(=O)c2ccccc2)cc1.Cl,6.4,Active,457.9620000000001,3.386100000000003,2,8,8.193820026016112
CHEMBL4071967,CC1(C)N=C(N)N=C(N)N1OCCCOc1cccc(/C=C/C(=O)c2ccccc2)c1.Cl,3.2,Active,457.9620000000001,3.386100000000003,2,8,8.494850021680094
CHEMBL4098945,CC1(C)N=C(N)N=C(N)N1OCCCCOc1ccc(C(=O)/C=C/c2ccccc2)cc1.Cl,3.4,Active,471.9890000000001,3.7762000000000033,2,8,8.468521082957745
CHEMBL4082453,CC1(C)N=C(N)N=C(N)N1OCCCCOc1cccc(C(=O)/C=C/c2ccccc2)c1.Cl,4.2,Active,471.9890000000001,3.7762000000000033,2,8,8.3767507096021
CHEMBL4060570,CC1(C)N=C(N)N=C(N)N1OCCCCOc1ccc(/C=C/C(=O)c2ccccc2)cc1.Cl,4.0,Active,471.9890000000001,3.776200000000004,2,8,8.397940008672037
CHEMBL4101407,CC1(C)N=C(N)N=C(N)N1OCCCCOc1cccc(/C=C/C(=O)c2ccccc2)c1.Cl,4.8,Active,471.9890000000001,3.776200000000004,2,8,8.318758762624412
CHEMBL4083419,Cl.NC1=NC2(CCCC2)N(OCCOc2cccc(C(=O)/C=C/c3ccccc3)c2)C(N)=N1,13.1,Active,469.9730000000001,3.5302000000000016,2,8,7.882728704344236
CHEMBL4070144,Cl.NC1=NC2(CCCC2)N(OCCCOc2cccc(C(=O)/C=C/c3ccccc3)c2)C(N)=N1,6.1,Active,484.0000000000001,3.920300000000003,2,8,8.214670164989233
CHEMBL4091106,Cl.NC1=NC2(CCCC2)N(OCCCCOc2cccc(C(=O)/C=C/c3ccccc3)c2)C(N)=N1,2.6,Active,498.02700000000016,4.310400000000003,2,8,8.585026652029182
CHEMBL4080801,CC1(C)N=C(N)N=C(N)N1OCCCOc1ccccc1.Cl,5.3,Active,327.816,1.490000000000001,2,7,8.275724130399212
CHEMBL1800937,Cl.NC1=NC2(CCCC2)N(OCCCOc2ccccc2)C(N)=N1,19.9,Active,353.854,2.0242,2,7,7.701146923590294
CHEMBL4099755,CC1(C)N=C(N)N=C(N)N1OCCCOc1cccc(C(=O)CCc2ccccc2)c1.Cl,3.9,Active,459.9780000000001,3.3055000000000025,2,8,8.4089353929735
CHEMBL398675,Nc1nc(N)c2c(OCc3cc(F)cc(F)c3)cccc2n1,630.0,Active,302.284,2.6514000000000006,2,5,6.200659450546418
CHEMBL4075292,CC1(COc2cccc3nc(N)nc(N)c23)COC1,15000.0,Inactive,260.297,1.2095,2,6,4.823908740944319
CHEMBL4084161,COC[C@H](C)Oc1cccc2nc(N)nc(N)c12,1400.0,Intermediate,248.286,1.2079,2,6,5.853871964321762
CHEMBL4090641,COC[C@@H](C)Oc1cccc2nc(N)nc(N)c12,25000.0,Inactive,248.286,1.2079,2,6,4.6020599913279625
CHEMBL4068466,Nc1nc(N)c2c(OCC3CCOCC3)cccc2n1,28000.0,Inactive,274.324,1.5995999999999997,2,6,4.552841968657781
CHEMBL4062544,Nc1nc(N)c2c(COc3cccc(F)c3)cccc2n1,50000.0,Inactive,284.29400000000004,2.5123000000000006,2,5,4.301029995663981
CHEMBL4077061,N#Cc1cc(F)cc(OCc2cccc3nc(N)nc(N)c23)c1,52000.0,Inactive,309.30400000000003,2.3839799999999998,2,6,4.2839966563652006
CHEMBL4061457,Cc1ncccc1OCc1cccc2nc(N)nc(N)c12,150000.0,Inactive,281.319,2.07662,2,6,3.823908740944319
CHEMBL531405,COc1ccc(-c2nc3c(N)nc(N)nc3nc2C(C)C)cc1,382.1,Active,310.36100000000005,2.3832000000000004,2,7,6.417822962311591
CHEMBL526243,N#Cc1ccc(Cn2ccc3c4c(N)nc(N)nc4ccc32)cc1,6.8,Active,314.35200000000003,2.6688800000000006,2,6,8.167491087293763
CHEMBL526013,Cc1c(Cc2ccccc2Br)cnc2nc(N)nc(N)c12,7.6,Active,344.21600000000007,2.85092,2,5,8.119186407719209
CHEMBL4169358,Nc1nc(N)nc(-c2ccc(OCc3ccc(Cl)cc3)cc2)n1,83300.0,Inactive,327.77500000000003,2.9354000000000013,2,6,4.079354998593212
CHEMBL4162075,Nc1nc(N)nc(-c2ccc(OCc3cccc(Cl)c3)cc2)n1,72490.0,Inactive,327.77500000000003,2.9354000000000013,2,6,4.139721900247765
CHEMBL1852785,NC1=NC2(CCCCC2)N(Cc2ccc(Cl)cc2)C(N)=N1,100000.0,Inactive,305.81300000000005,2.4454,2,5,4.0
CHEMBL4160241,Cl.NC1=NC2(CCCCC2)N(c2ccc(OCc3cn(CCCc4ccccc4)nn3)cc2)C(N)=N1,3670.0,Intermediate,509.0580000000002,4.021500000000002,2,9,5.43533393574791
CHEMBL4174883,Cl.NC1=NC2(CCCCC2)N(c2ccc(OCc3cn(CCCOc4ccc5ccc(=O)oc5c4)nn3)cc2)C(N)=N1,11990.0,Inactive,593.0880000000001,3.9642000000000026,2,12,4.921180816901152
CHEMBL4160822,Cl.NC1=NC2(CCCCC2)N(c2ccc(OCc3cn(CCCCOc4ccc5ccc(=O)oc5c4)nn3)cc2)C(N)=N1,15320.0,Inactive,607.1150000000001,4.354300000000003,2,12,4.814741234703415
CHEMBL123984,COc1cccc(Sc2[nH]c3nc(N)nc(N)c3c2C)c1,970.0,Active,301.37500000000006,2.59052,3,6,6.013228265733755
CHEMBL4227977,COc1cccc(Sc2c(C)c3c(N)nc(N)nc3n2C)c1,1200.0,Intermediate,315.402,2.6009200000000003,2,7,5.920818753952375
CHEMBL4227124,CCn1c(Sc2cccc(OC)c2)c(C)c2c(N)nc(N)nc21,511.0,Active,329.42900000000003,3.08382,2,7,6.291579099865287
CHEMBL4228228,CCCn1c(Sc2cccc(OC)c2)c(C)c2c(N)nc(N)nc21,2046.0,Intermediate,343.4560000000001,3.473920000000001,2,7,5.689094370623859
CHEMBL4227384,COc1cccc(Sc2c(C)c3c(N)nc(N)nc3n2C(C)C)c1,579.0,Active,343.456,3.644820000000001,2,7,6.237321436272564
CHEMBL4228488,CCCCn1c(Sc2cccc(OC)c2)c(C)c2c(N)nc(N)nc21,1130.0,Intermediate,357.4830000000001,3.864020000000001,2,7,5.94692155651658
CHEMBL331314,COc1ccccc1Sc1[nH]c2nc(N)nc(N)c2c1C,624.0,Active,301.37500000000006,2.59052,3,6,6.204815410317576
CHEMBL123892,COc1ccc(Sc2[nH]c3nc(N)nc(N)c3c2C)cc1,1410.0,Intermediate,301.37500000000006,2.59052,3,6,5.85078088734462
CHEMBL227065,Cc1c(Sc2ccc3ccccc3c2)[nH]c2nc(N)nc(N)c12,2100.0,Intermediate,321.4090000000001,3.735120000000001,3,5,5.6777807052660805
CHEMBL122998,Cc1c(Sc2cccc3ccccc23)[nH]c2nc(N)nc(N)c12,1216.0,Intermediate,321.4090000000001,3.735120000000001,3,5,5.915066425063284
CHEMBL4226849,Cc1c(Sc2ccc(F)c(F)c2)[nH]c2nc(N)nc(N)c12,2318.0,Intermediate,307.329,2.86012,3,5,5.634886568372423
CHEMBL4226262,Cc1c(Sc2ccc(OC(F)(F)F)cc2)[nH]c2nc(N)nc(N)c12,811.0,Active,355.3450000000001,3.4805199999999994,3,6,6.090979145788844
CHEMBL4227112,COc1ccccc1Sc1c(C)c2c(N)nc(N)nc2n1C,1400.0,Intermediate,315.40200000000004,2.6009200000000003,2,7,5.853871964321762
CHEMBL4226465,COc1ccc(Sc2c(C)c3c(N)nc(N)nc3n2C)cc1,1372.0,Intermediate,315.40200000000004,2.6009200000000003,2,7,5.862645888629267
CHEMBL4227373,Cc1c(Sc2ccc3ccccc3c2)n(C)c2nc(N)nc(N)c12,970.0,Active,335.4360000000001,3.7455200000000017,2,6,6.013228265733755
CHEMBL4229284,Cc1c(Sc2cccc3ccccc23)n(C)c2nc(N)nc(N)c12,1104.0,Intermediate,335.4360000000001,3.7455200000000017,2,6,5.95703092660682
CHEMBL4225535,Cc1c(Sc2ccc(F)c(F)c2)n(C)c2nc(N)nc(N)c12,1917.0,Intermediate,321.35600000000005,2.8705199999999995,2,6,5.717377887121938
CHEMBL4225860,Cc1c(Sc2ccc(OC(F)(F)F)cc2)n(C)c2nc(N)nc(N)c12,1101.0,Intermediate,369.3720000000001,3.49092,2,7,5.9582126810282485
CHEMBL4227367,Nc1nc(N)c2nc(CCCCCc3ccccc3)ccc2n1,700.0,Active,307.401,3.144700000000002,2,5,6.154901959985743
CHEMBL4225586,Nc1nc(N)c2nc(/C=C/CCCc3ccccc3)ccc2n1,2100.0,Intermediate,305.385,3.2253000000000016,2,5,5.6777807052660805
CHEMBL4225877,Nc1nc(N)c2nc(CCC(=O)CCc3ccccc3)ccc2n1,7930.0,Intermediate,321.384,2.3237000000000005,2,6,5.100726812682396
CHEMBL4228675,Nc1nc(N)c2nc(CCC(O)CCc3ccccc3)ccc2n1,2530.0,Intermediate,323.40000000000003,2.1154999999999995,3,6,5.596879478824182
CHEMBL4227744,Nc1nc(N)c2nc(/C=C/C(=O)/C=C/c3ccccc3)ccc2n1,70510.0,Inactive,317.35200000000003,2.484900000000001,2,6,4.151749285322958
CHEMBL4227155,Nc1nc(N)c2nc(CCCCc3ccccc3)ccc2n1,610.0,Active,293.374,2.754600000000001,2,5,6.214670164989233
CHEMBL4228007,Nc1nc(N)c2nc(/C=C/C=C/c3ccccc3)ccc2n1,12290.0,Inactive,289.34200000000004,2.9158000000000017,2,5,4.910448117113546
CHEMBL4226361,Nc1nc(N)c2nc(CCCc3ccccc3)ccc2n1,60.0,Active,279.34700000000004,2.3645000000000005,2,5,7.221848749616356
CHEMBL4227213,Nc1nc(N)c2nc(/C=C/Cc3ccccc3)ccc2n1,590.0,Active,277.331,2.445100000000001,2,5,6.229147988357855
CHEMBL4226633,Nc1nc(N)c2nc(CCC(=O)c3ccccc3)ccc2n1,11230.0,Inactive,293.33000000000004,2.0047,2,6,4.949620243738543
CHEMBL4227478,Nc1nc(N)c2nc(CCC(O)c3ccccc3)ccc2n1,2730.0,Intermediate,295.34600000000006,1.8554,3,6,5.563837352959244
CHEMBL4229201,Nc1nc(N)c2nc(/C=C/C(=O)c3ccccc3)ccc2n1,100000.0,Inactive,291.314,2.0853,2,6,4.0
CHEMBL4552684,Nc1nc2[nH]c(CCNC(=O)c3ccc(C(=O)NCc4ccncc4)cc3)cc2c(=O)[nH]1,48.95,Active,431.4560000000001,1.130899999999999,5,6,7.3102473038608435
CHEMBL4435374,Nc1nc2[nH]c(CCNC(=O)c3ccc(C(=O)NCc4cccnc4)cc3)cc2c(=O)[nH]1,37.94,Active,431.4560000000001,1.130899999999999,5,6,7.420902673447356
CHEMBL4444154,Nc1nc2[nH]c(CCNC(=O)c3ccc(C(=O)NCc4ccccn4)cc3)cc2c(=O)[nH]1,29.29,Active,431.4560000000001,1.130899999999999,5,6,7.533280628318401
CHEMBL4522253,Nc1nc2[nH]c(CCNC(=O)c3cccc(C(=O)NCc4ccncc4)c3)cc2c(=O)[nH]1,65.88,Active,431.4560000000001,1.130899999999999,5,6,7.181246409502283
CHEMBL4531384,Nc1nc2[nH]c(CCNC(=O)c3cccc(C(=O)NCc4cccnc4)c3)cc2c(=O)[nH]1,53.42,Active,431.4560000000001,1.130899999999999,5,6,7.272296116314646
CHEMBL4587332,Nc1nc2[nH]c(CCNC(=O)c3cccc(C(=O)NCc4ccccn4)c3)cc2c(=O)[nH]1,9.28,Active,431.4560000000001,1.130899999999999,5,6,8.032452023781138
CHEMBL4560157,Nc1nc2[nH]c(CCNC(=O)c3ccccc3C(=O)NCc3ccncc3)cc2c(=O)[nH]1,1000.0,Intermediate,431.4560000000001,1.130899999999999,5,6,6.0
CHEMBL4516593,Nc1nc2[nH]c(CCNC(=O)c3ccccc3C(=O)NCc3cccnc3)cc2c(=O)[nH]1,1000.0,Intermediate,431.4560000000001,1.130899999999999,5,6,6.0
CHEMBL4453185,Nc1nc2[nH]c(CCNC(=O)c3ccccc3C(=O)NCc3ccccn3)cc2c(=O)[nH]1,1000.0,Intermediate,431.4560000000001,1.130899999999999,5,6,6.0
CHEMBL4453575,O=C(OC[C@@H]1CO1)c1cccc2c(=O)c3ccccc3[nH]c12,10.0,Active,295.29400000000004,2.2368999999999994,1,4,8.0
CHEMBL4467394,CC1=NN(c2cccc(Cl)c2)C(=O)/C1=C\c1cn(CC(O)Cn2c3ccccc3c(=O)c3ccccc32)c2ccccc12,1800.0,Intermediate,587.0790000000003,6.630000000000006,1,6,5.7447274948966935
CHEMBL4544130,CN1C(=O)C(=Cc2cn(CC(O)Cn3c4ccccc4c(=O)c4ccccc43)c3ccccc23)C(=O)N(C)C1=O,210.0,Active,534.5720000000003,3.604300000000002,1,7,6.6777807052660805
CHEMBL4458303,O=c1c2ccccc2n(CC2CO2)c2ccccc12,20.0,Active,251.285,2.5535000000000005,0,3,7.698970004336019
CHEMBL4533705,O=C1Nc2ccccc2/C1=C/c1cn(CC(O)Cn2c3ccccc3c(=O)c3ccccc32)c2ccccc12,100.0,Active,511.5810000000002,5.663200000000005,2,5,7.0
CHEMBL4581410,C[C@H](NC(=O)CNC(=O)c1cccc2c(=O)c3ccccc3[nH]c12)C(=O)O,670.0,Active,367.3610000000001,1.0003999999999988,4,4,6.173925197299173
CHEMBL4526073,CC(=O)c1c(C)n(Cc2ccccc2)c2ccc(OCCCC(=O)O)cc12,980000.0,Inactive,365.4290000000002,4.444220000000003,1,4,3.0087739243075053
CHEMBL139188,Nc1nc(N)c2nc(Nc3ccccc3)ccc2n1,1526.0,Intermediate,252.28100000000003,1.9328,3,6,5.816445466381138
CHEMBL4462778,Cc1ccc(Nc2ccc3nc(N)nc(N)c3n2)cc1,2626.0,Intermediate,266.308,2.2412199999999998,3,6,5.58070527824654
CHEMBL141218,COc1ccc(Nc2ccc3nc(N)nc(N)c3n2)cc1,2459.0,Intermediate,282.307,1.9414,3,7,5.609241471261283
CHEMBL4573954,Nc1nc(N)c2nc(Nc3ccc(O)cc3)ccc2n1,1576.0,Intermediate,268.28000000000003,1.6383999999999996,4,7,5.802443786846464
CHEMBL4449630,Nc1nc(N)c2nc(Nc3cccc4ccccc34)ccc2n1,1098.0,Intermediate,302.34100000000007,3.086000000000001,3,6,5.959397659885926
CHEMBL138419,Nc1nc(N)c2nc(Nc3ccc4ccccc4c3)ccc2n1,3185.0,Intermediate,302.34100000000007,3.086000000000001,3,6,5.496890563328631
CHEMBL4522334,Nc1nc(N)c2nc(Nc3ccc(F)c(F)c3)ccc2n1,2253.0,Intermediate,288.261,2.2109999999999994,3,6,5.647238808276169
CHEMBL4522888,Nc1nc(N)c2nc(Nc3cc(F)c(F)c(F)c3)ccc2n1,1808.0,Intermediate,306.251,2.3501000000000003,3,6,5.742801573860655
CHEMBL4469864,Nc1nc(N)c2nc(Nc3ccc(OC(F)(F)F)cc3)ccc2n1,4125.0,Intermediate,336.27700000000004,2.8314000000000004,3,7,5.384576047114056
CHEMBL140940,CN(c1ccccc1)c1ccc2nc(N)nc(N)c2n1,942.0,Active,266.30799999999994,1.9571,2,6,6.025949097207123
CHEMBL4571736,CCN(c1ccccc1)c1ccc2nc(N)nc(N)c2n1,1571.0,Intermediate,280.335,2.3471999999999995,2,6,5.803823814960027
CHEMBL4588482,CCCN(c1ccccc1)c1ccc2nc(N)nc(N)c2n1,1338.0,Intermediate,294.362,2.7373,2,6,5.873543886568196
CHEMBL4589761,CC(C)N(c1ccccc1)c1ccc2nc(N)nc(N)c2n1,1373.0,Intermediate,294.362,2.7357,2,6,5.8623294627632445
CHEMBL4440383,CCCCN(c1ccccc1)c1ccc2nc(N)nc(N)c2n1,903.0,Active,308.38900000000007,3.1274,2,6,6.044312249686494
CHEMBL4550110,Nc1ncc(N2CCN(c3cccc(-c4cnc(C5CC5)nc4)c3)CC2)c(N)n1,973.0,Active,388.4790000000002,2.302,2,8,6.011887159731648
CHEMBL4591892,Nc1ncc(N2CCN(c3cccc(-c4cnc(C(F)(F)F)nc4)c3)CC2)c(N)n1,2800.0,Intermediate,416.4110000000002,2.4434,2,8,5.552841968657781
CHEMBL4468777,COc1ncc(-c2cccc(N3CCN(c4cnc(N)nc4N)CC3)c2)cn1,308.0,Active,378.4400000000001,1.4331999999999996,2,9,6.511449283499556
CHEMBL4543226,Cc1ncc(-c2cccc(N3CCN(c4cnc(N)nc4N)CC3)c2)cn1,935.0,Active,362.4410000000001,1.7330199999999998,2,8,6.029188389127482
CHEMBL4464707,Nc1ncc(N2CCN(c3cccc(-c4ccnnc4)c3)CC2)c(N)n1,1100.0,Intermediate,348.41400000000016,1.4246,2,8,5.958607314841775
CHEMBL4466302,Nc1ncc(N2CCN(c3cccc(-c4cnccn4)c3)CC2)c(N)n1,1330.0,Intermediate,348.41400000000016,1.4246,2,8,5.876148359032914
CHEMBL4573445,Nc1ncc(N2CCN(c3cccc(-c4cncnc4)c3)CC2)c(N)n1,1430.0,Intermediate,348.41400000000016,1.4246,2,8,5.844663962534939
CHEMBL4584470,Nc1ncc(N2CCN(c3cccc(-c4ncccn4)c3)CC2)c(N)n1,1300.0,Intermediate,348.41400000000016,1.4246,2,8,5.886056647693163
CHEMBL4591654,Nc1ncc(N2CCN(c3cccc(-c4ccncc4)c3)CC2)c(N)n1,468.0,Active,347.42600000000016,2.0296,2,7,6.329754146925876
CHEMBL4461133,Nc1ncc(N2CCN(c3cccc(-c4cccnc4)c3)CC2)c(N)n1,300.0,Active,347.42600000000016,2.0296,2,7,6.522878745280337
CHEMBL4519642,Nc1ncc(N2CCN(c3cccc(-c4ccccn4)c3)CC2)c(N)n1,1360.0,Intermediate,347.42600000000016,2.0296,2,7,5.866461091629782
CHEMBL4582435,CCc1nc(N)nc(N)c1N1CCN(c2cccc(-c3ccccc3)c2)CC1,200.0,Active,374.4920000000002,3.197000000000002,2,6,6.698970004336019
CHEMBL4459877,Cc1nc(N)nc(N)c1N1CCN(c2cccc(-c3ccccc3)c2)CC1,237.0,Active,360.4650000000001,2.9430200000000006,2,6,6.6252516539898965
CHEMBL4435247,Nc1ncc(N2CCN(c3cccc(C4CC4)c3)CC2)c(N)n1,1630.0,Intermediate,310.4050000000001,1.845,2,6,5.787812395596042
CHEMBL4439025,Nc1ncc(N2CCN(c3cccc(OC(F)(F)F)c3)CC2)c(N)n1,819.0,Active,354.3360000000001,1.8662,2,7,6.086716098239582
CHEMBL4535103,Nc1ncc(N2CCN(c3cccc(C(F)(F)F)c3)CC2)c(N)n1,541.0,Active,338.3370000000001,1.9864,2,6,6.266802734893431
CHEMBL4546142,COc1cccc(N2CCN(c3cnc(N)nc3N)CC2)c1,2710.0,Intermediate,300.3660000000001,0.9762,2,7,5.567030709125595
CHEMBL4456834,Nc1ncc(N2CCN(c3ccc(Cl)cc3)CC2)c(N)n1,1090.0,Intermediate,304.7850000000001,1.621,2,6,5.962573502059376
CHEMBL4544894,Nc1ncc(N2CCN(c3cccc(Cl)c3)CC2)c(N)n1,1540.0,Intermediate,304.7850000000001,1.621,2,6,5.8124792791635365
CHEMBL4463544,Nc1ncc(N2CCN(c3ccccc3Cl)CC2)c(N)n1,30000.0,Inactive,304.7850000000001,1.621,2,6,4.522878745280337
CHEMBL4525462,Cc1ccc(N2CCN(c3cnc(N)nc3N)CC2)cc1,3260.0,Intermediate,284.3670000000001,1.2760199999999997,2,6,5.486782399932061
CHEMBL4549054,Cc1cccc(N2CCN(c3cnc(N)nc3N)CC2)c1,5980.0,Intermediate,284.3670000000001,1.27602,2,6,5.223298816011589
CHEMBL4569184,Cc1ccccc1N1CCN(c2cnc(N)nc2N)CC1,30000.0,Inactive,284.3670000000001,1.2760200000000002,2,6,4.522878745280337
CHEMBL4552468,Nc1ncc(N2CCN(c3ccc(-c4ccccc4)cc3)CC2)c(N)n1,347.0,Active,346.43800000000016,2.6346,2,6,6.459670525209126
CHEMBL4544467,Nc1ncc(N2CCN(c3ccccc3-c3ccccc3)CC2)c(N)n1,1790.0,Intermediate,346.43800000000016,2.6346,2,6,5.747146969020107
CHEMBL4553229,Nc1ncc(N2CCN(c3ccccc3)CC2)c(N)n1,12500.0,Inactive,270.34000000000003,0.9676,2,6,4.903089986991944
CHEMBL4464764,O=c1c(O)c(-c2cccc(O)c2)oc2ccc(O)cc12,50000.0,Inactive,270.24,2.5768000000000004,3,5,4.301029995663981
CHEMBL4544311,CC(=O)c1c(C)n(Cc2ccccc2)c2ccc(OCc3cn(-c4ccc(Br)cc4)nn3)cc12,125000.0,Inactive,515.4110000000002,6.122820000000004,0,6,3.903089986991944
CHEMBL4578986,CC(=O)c1c(C)n(Cc2ccccc2)c2ccc(OCc3cn(-c4cccc(Cl)c4)nn3)cc12,180000.0,Inactive,470.9600000000002,6.013720000000004,0,6,3.744727494896694
CHEMBL54976,N[C@@H](Cc1c[nH]c2ccccc12)C(=O)O,6500000.0,Inactive,204.229,1.1223000000000003,3,2,2.1870866433571443
CHEMBL4641198,Nc1nc(N)c2nc3c(nc2n1)-c1cccc2cccc-3c12,810.0,Active,286.29800000000006,2.3848000000000003,2,6,6.091514981121351
CHEMBL4639534,Nc1nc(N)c2nc3c4ccccc4c4ccccc4c3nc2n1,50000.0,Inactive,312.3360000000001,3.043800000000002,2,6,4.301029995663981
CHEMBL4635593,Nc1nc(N)c2nc3c4cccnc4c4ncccc4c3nc2n1,5800.0,Intermediate,314.3120000000001,1.8338,2,8,5.236572006437063
CHEMBL48296,Nc1nc(N)c2nc(-c3ccccc3)c(-c3ccccc3)nc2n1,13600.0,Inactive,314.3520000000001,2.918200000000001,2,6,4.866461091629782
CHEMBL4644558,Nc1nc(N)c2nc(-c3ccco3)c(-c3ccco3)nc2n1,10400.0,Inactive,294.27400000000006,2.1042,2,8,4.982966660701219
CHEMBL4647373,Nc1nc(N)c2nc(-c3cccs3)c(-c3cccs3)nc2n1,1430.0,Intermediate,326.4100000000001,3.041200000000001,2,8,5.844663962534939
CHEMBL4743204,CC1=C(C(=O)Nc2ccc(C(=O)NC(CCC(=O)O)C(=O)O)cc2)C(c2ccccc2)NC(=O)N1,840.0,Active,480.4770000000001,2.0009999999999994,6,5,6.075720713938118
CHEMBL4791810,CC1=C(C(=O)Nc2ccc(C(=O)NC(CCC(=O)O)C(=O)O)cc2)C(c2ccc([N+](=O)[O-])cc2)NC(=O)N1,810.0,Active,525.4740000000002,1.9092,6,7,6.091514981121351
CHEMBL4748158,CC1=C(C(=O)Nc2ccc(C(=O)NC(CCC(=O)O)C(=O)O)cc2)C(c2ccc(Cl)cc2)NC(=O)N1,530.0,Active,514.9220000000001,2.6544,6,5,6.275724130399211
CHEMBL4759800,COc1cc(Cc2cnc(N)nc2N)cc(OC)c1OCCNc1ccc(C(=O)NC(C(=O)O)C(C)C)cc1,40.0,Active,538.6050000000002,2.578900000000001,5,10,7.397940008672037
CHEMBL4757974,COc1cc(Cc2cnc(N)nc2N)cc(OC)c1OCCNc1ccc(C(=O)NC(Cc2cc3ccccc3[nH]2)C(=O)O)cc1,30.0,Active,625.6860000000004,3.646900000000001,6,10,7.522878745280337
CHEMBL4783671,COc1cc(Cc2cnc(N)nc2N)cc(OC)c1OCCNc1ccc(C(=O)NC(Cc2ccccc2)C(=O)O)cc1,90.0,Active,586.6490000000003,3.1656000000000004,5,10,7.045757490560675
CHEMBL4748139,COc1cc(Cc2cnc(N)nc2N)cc(OC)c1OCCNc1ccc(C(=O)NC(CCC(=O)O)C(=O)O)cc1,10.0,Active,568.5870000000004,1.7877000000000007,6,11,8.0
CHEMBL4752301,COc1cc(Cc2cnc(N)nc2N)cc(OC)c1OC(=O)CNC(CC(C)C)C(=O)O,10980.0,Inactive,447.49200000000025,1.2433000000000003,4,10,4.959397659885927
CHEMBL4761589,COc1cc(Cc2cnc(N)nc2N)cc(OC)c1OC(=O)CNC(Cc1cc2ccccc2[nH]1)C(=O)O,1830.0,Intermediate,520.5460000000003,1.921199999999999,5,10,5.73754891026957
CHEMBL4779765,COc1cc(Cc2cnc(N)nc2N)cc(OC)c1OC(=O)CNC(Cc1ccccc1)C(=O)O,12260.0,Inactive,481.5090000000002,1.4399000000000004,4,10,4.911509529817604
CHEMBL4745475,COc1cc(Cc2cnc(N)nc2N)cc(OC)c1OC(=O)CNC(CCC(=O)O)C(=O)O,1630.0,Intermediate,463.4470000000003,0.0620000000000003,5,11,5.787812395596042
CHEMBL5194543,Cc1ccc(-c2c(CN3CCCCC3)nc3scc(C(=O)O)n23)cc1,907.0,Active,355.463,4.055320000000003,1,5,6.042392712939905
CHEMBL5176561,CCC(=O)NNC(=O)c1csc2ncc(-c3ccc(C)cc3)n12,5669.0,Intermediate,328.39700000000005,2.5422200000000004,2,5,5.24649354300903
CHEMBL5204417,CC(=O)NNC(=O)c1csc2ncc(-c3ccc(Br)cc3)n12,291.0,Active,379.239,2.6062000000000003,2,5,6.536107011014093
CHEMBL5170804,Cc1ccc(-c2c(CN3CCOCC3)nc3scc(C(=O)NN)n23)cc1,123.0,Active,371.46600000000007,1.80692,2,7,6.910094888560602
CHEMBL5173449,COc1ccc(-c2c(CN3CCOCC3)nc3scc(C(=O)NN)n23)cc1,585.0,Active,387.465,1.5070999999999997,2,8,6.232844133917819
CHEMBL5204650,NNC(=O)c1csc2nc(CN3CCOCC3)c(-c3ccc(Br)cc3)n12,3277.0,Intermediate,436.335,2.261,2,7,5.484523558617624
CHEMBL426,CN(Cc1cnc2nc(N)nc(N)c2n1)c1ccc(C(=O)NC(CCC(=O)O)C(=O)O)cc1,30.0,Active,454.4470000000002,0.2684000000000012,5,10,7.522878745280337
CHEMBL1232702,COC(=O)C1CCN(C(=O)c2ccc(N(C)Cc3cnc4nc(N)nc(N)c4n3)cc2)CC1,44000.0,Inactive,450.5030000000002,1.2458000000000002,2,10,4.356547323513812
CHEMBL1232399,COC(=O)C1CCN(C(=O)c2ccc(NCc3cnc4nc(N)nc(N)c4n3)cc2)CC1,51000.0,Inactive,436.4760000000003,1.2214999999999996,3,10,4.292429823902063
CHEMBL2178602,COC(=O)C1CCN(C(=O)c2ccc(N(CCO)Cc3cnc4nc(N)nc(N)c4n3)cc2)CC1,27000.0,Inactive,480.52900000000034,0.6083000000000002,3,11,4.568636235841013
CHEMBL2178600,COC(=O)C1CCN(C(=O)c2ccc(NCc3cnc4nc(N)nc(N)c4n3)cn2)CC1,60000.0,Inactive,437.4640000000003,0.6165000000000003,3,11,4.221848749616356
CHEMBL2178604,Nc1nc(N)c2nc(CNc3ccc(C(=O)N4CCC(C(=O)O)CC4)cc3)cnc2n1,45000.0,Inactive,422.4490000000002,1.1330999999999998,4,9,4.346787486224656
CHEMBL2178599,NC(=O)C1CCN(C(=O)c2ccc(NCc3cnc4nc(N)nc(N)c4n3)cc2)CC1,65000.0,Inactive,421.46500000000026,0.5337999999999995,4,9,4.187086643357144
CHEMBL5182291,CCOC(=O)C1CCCN1C(=O)c1ccc(NCc2cnc3nc(N)nc(N)c3n2)cc1,10200.0,Inactive,436.47600000000017,1.364,3,10,4.991399828238082
CHEMBL5180552,CCN(Cc1cnc2nc(N)nc(N)c2n1)c1ccc(C(=O)N2CCC(C(=O)OC)CC2)cc1,4300.0,Intermediate,464.5300000000004,1.6359000000000006,2,10,5.366531544420414
CHEMBL5193564,C#CCN(Cc1cnc2nc(N)nc(N)c2n1)c1ccc(C(=O)N2CCC(C(=O)OC)CC2)cc1,78000.0,Inactive,474.5250000000003,1.249200000000001,2,10,4.107905397309519
CHEMBL5184936,COC(=O)C1CCN(C(=O)c2ccc(N(Cc3ccccc3)Cc3cnc4nc(N)nc(N)c4n3)cc2)CC1,73000.0,Inactive,526.6010000000002,2.8162000000000003,2,10,4.136677139879544
CHEMBL5182125,COC(=O)C1CCN(C(=O)c2ccc(SCc3cnc4nc(N)nc(N)c4n3)nc2)CC1,89000.0,Inactive,454.51600000000025,1.2966999999999995,2,11,4.050609993355087
CHEMBL5171609,COC(=O)C1CCN(C(=O)c2ccc(N(CCCO)Cc3cnc4nc(N)nc(N)c4n3)cc2)CC1,15000.0,Inactive,494.5560000000003,0.9984,3,11,4.823908740944319
CHEMBL5183748,COC(=O)C1CCN(C(=O)Cc2ccc(NCc3cnc4nc(N)nc(N)c4n3)cc2)CC1,35000.0,Inactive,450.5030000000002,1.1504000000000003,3,10,4.455931955649724
CHEMBL5170968,COC(=O)C1CCN(C(=O)c2cccc(NCc3cnc4nc(N)nc(N)c4n3)c2)CC1,59000.0,Inactive,436.4760000000003,1.2214999999999996,3,10,4.229147988357856
CHEMBL26006,Nc1nc(N)c2nc(CNc3cccc4ccccc34)cnc2n1,4400.0,Intermediate,317.3560000000001,2.3495,3,7,5.356547323513812
CHEMBL5198855,Nc1nc(N)c2nc(C(=O)NCc3ccccc3)cnc2n1,100000.0,Inactive,295.30600000000004,0.5141999999999993,3,7,4.0
CHEMBL5175397,Nc1nc(N)c2nc(C(=O)NCc3cccc(C(F)(F)F)c3)cnc2n1,100000.0,Inactive,363.30300000000005,1.533,3,7,4.0
CHEMBL5206994,CCOC(=O)C1CCN(C(=O)c2ccc(N(C)Cc3cnc4nc(N)nc(N)c4n3)cc2)CC1,12000.0,Inactive,464.53000000000026,1.6359,2,10,4.920818753952375
CHEMBL5205559,CCCOC(=O)C1CCN(C(=O)c2ccc(N(C)Cc3cnc4nc(N)nc(N)c4n3)cc2)CC1,9000.0,Intermediate,478.5570000000003,2.026,2,10,5.045757490560675
CHEMBL5197107,CN(Cc1cnc2nc(N)nc(N)c2n1)c1ccc(C(=O)N2CCCCC2)cc1,29900.0,Inactive,392.4670000000002,1.8467,2,8,4.52432881167557
CHEMBL5175012,Nc1nc(N)c2nc(CNc3ccc(C(=O)c4ccccc4)cc3)cnc2n1,6020.0,Intermediate,371.40400000000005,2.4273000000000007,3,8,5.220403508742176
CHEMBL5204239,Nc1nc(N)c2nc(CNc3ccc(C(=O)NCCc4ccccc4)cc3)cnc2n1,40300.0,Inactive,414.4730000000001,2.168799999999999,4,8,4.394694953858891
CHEMBL5208403,COc1ccc(CNC(=O)c2ccc(CNCc3cnc4nc(N)nc(N)c4n3)cc2)cc1,100000.0,Inactive,444.49900000000014,1.8126,4,9,4.0
CHEMBL5173732,COc1ccc(CNC(=O)c2ccc(CNCc3cnc4nc(N)nc(N)c4n3)cc2)cc1OC,100000.0,Inactive,474.5250000000002,1.8212,4,10,4.0
CHEMBL5201599,Nc1nc(N)c2nc(CNCc3ccc(Oc4ccccc4)cc3)cnc2n1,100000.0,Inactive,373.4200000000001,2.666300000000001,3,8,4.0
CHEMBL5205037,COc1ccc(Oc2ccc(CNCc3cnc4nc(N)nc(N)c4n3)cc2)cc1,100000.0,Inactive,403.44600000000014,2.6749,3,9,4.0
CHEMBL5180685,COc1cc(Oc2ccc(CNCc3cnc4nc(N)nc(N)c4n3)cc2)cc(OC)c1OC,100000.0,Inactive,463.4980000000002,2.692100000000001,3,11,4.0
CHEMBL5188304,NC(=O)C1CCN(C(=O)Cc2ccc(N(CCCO)Cc3cnc4nc(N)nc(N)c4n3)cc2)CC1,35700.0,Inactive,493.5720000000003,0.2396000000000012,4,10,4.447331783887806
CHEMBL5200612,NC(=O)C1CCCN1C(=O)Cc1ccc(N(CCCO)Cc2cnc3nc(N)nc(N)c3n2)cc1,100000.0,Inactive,479.5450000000002,-0.0079999999999976,4,10,4.0
CHEMBL5199171,CCOC(=O)C1CCN(C(=O)c2ccc(N(CC)Cc3cnc4nc(N)nc(N)c4n3)cc2)CC1,13000.0,Inactive,478.5570000000003,2.026,2,10,4.886056647693163
CHEMBL5201183,CCN(Cc1cnc2nc(N)nc(N)c2n1)c1ccc(C(=O)c2ccccc2)cc1,3400.0,Intermediate,399.45800000000014,2.841700000000001,2,8,5.468521082957745
CHEMBL5193762,COc1ccc(Oc2ccc(CN(Cc3ccccc3)Cc3cnc4nc(N)nc(N)c4n3)cc2)cc1,100000.0,Inactive,493.57100000000025,4.587500000000002,2,9,4.0
CHEMBL5184646,COc1ccc(Oc2ccc(CN(C)Cc3cnc4nc(N)nc(N)c4n3)cc2)cc1,100000.0,Inactive,417.4730000000001,3.0171,2,9,4.0
CHEMBL5285331,COc1nc(N)nc(Nc2ccccc2)c1/N=C/c1ccccc1,68010.0,Inactive,319.36800000000005,3.561600000000002,2,6,4.16742722515382
CHEMBL5282483,COc1nc(N)nc(Nc2ccccc2)c1/N=C/c1ccc(C)cc1,65980.0,Inactive,333.3950000000001,3.870020000000003,2,6,4.180587688790675
CHEMBL5273429,COc1nc(N)nc(Nc2ccccc2)c1/N=C/c1ccncc1,63050.0,Inactive,320.35600000000005,2.9566000000000017,2,7,4.200314909090899
CHEMBL5283807,COc1nc(N)nc(Nc2ccccc2)c1/N=C/c1ccccc1O,52890.0,Inactive,335.3670000000001,3.267200000000002,3,7,4.276626432981016
CHEMBL5288242,COc1nc(N)nc(Nc2ccccc2)c1/N=C/c1ccc(C(F)(F)F)cc1,64540.0,Inactive,387.36500000000007,4.580400000000003,2,6,4.190171038932114
CHEMBL5282297,Nc1nc2c(nc(-c3ccc(Br)cc3)n2-c2ccccc2)c(=O)[nH]1,54450.0,Inactive,382.22100000000006,3.1205000000000016,2,5,4.264002115908206
CHEMBL5289931,Cc1ccc(-c2nc3c(=O)[nH]c(N)nc3n2-c2ccccc2)cc1,27870.0,Inactive,317.35200000000003,2.6664200000000013,2,5,4.554863031286696
CHEMBL5270228,CC(C)c1ccc(-c2nc3c(=O)[nH]c(N)nc3n2-c2ccccc2)cc1,43840.0,Inactive,345.406,3.4814000000000016,2,5,4.358129454523687
CHEMBL5269398,Nc1nc2c(nc(-c3ccccc3O)n2-c2ccccc2)c(=O)[nH]1,77090.0,Inactive,319.32400000000007,2.063599999999999,3,6,4.113001954328901
CHEMBL5281935,Nc1nc2c(nc(-c3ccc4c(c3)OCO4)n2-c2ccccc2)c(=O)[nH]1,20810.0,Inactive,347.334,2.086699999999999,2,7,4.681727919788373
CHEMBL5291343,COc1cc(-c2nc3c(=O)[nH]c(N)nc3n2-c2ccccc2)cc(OC)c1OC,49390.0,Inactive,393.4030000000002,2.383800000000001,2,8,4.306360973838451
CHEMBL5271705,NS(=O)(=O)c1ccc(N2C(=O)/C(=C/c3ccc(OC(=O)c4ccccc4)cc3)N=C2c2ccccc2)cc1,280.0,Active,523.5700000000002,4.387700000000004,1,6,6.552841968657781
CHEMBL5276096,COc1cc(/C=C2\N=C(c3ccccc3)N(c3ccc(S(N)(=O)=O)cc3)C2=O)ccc1OC(=O)c1ccccc1,280.0,Active,553.5960000000003,4.396300000000003,1,7,6.552841968657781
CHEMBL5286217,COc1cc(/C=C2\N=C(c3ccccc3)N(c3ccc(C(=O)O)cc3)C2=O)ccc1OC(=O)c1ccccc1,280.0,Active,518.5250000000003,5.447100000000004,1,6,6.552841968657781
CHEMBL439,Nc1ccc(S(=O)(=O)Nc2ncccn2)cc1,130.0,Active,250.28300000000004,0.8596000000000001,2,5,6.886056647693163
CHEMBL5276173,CC(=O)Nc1nc(C(=O)NNC(=O)CCN2CCN(C)CC2)cs1,678.0,Active,354.4360000000001,-0.4999999999999993,3,7,6.168770306132936
CHEMBL5269071,CC(=O)Nc1nc(C(=O)NNC(=O)CCN2CCOCC2)cs1,159.0,Active,341.3930000000001,-0.4151999999999998,3,7,6.798602875679548
CHEMBL5282535,CC(=O)Nc1nc(C(=O)NNC(=O)CCN2CCCCC2)cs1,262.0,Active,339.4210000000001,0.7384999999999993,3,6,6.581698708680254
